2025-06-21 16:25:33,016 INFO o.a.j.u.JMeterUtils: Setting Locale to en_EN
2025-06-21 16:25:33,030 INFO o.a.j.JMeter: Loading user properties from: /opt/homebrew/Cellar/jmeter/5.6.3/libexec/bin/user.properties
2025-06-21 16:25:33,030 INFO o.a.j.JMeter: Loading system properties from: /opt/homebrew/Cellar/jmeter/5.6.3/libexec/bin/system.properties
2025-06-21 16:25:33,033 INFO o.a.j.JMeter: Copyright (c) 1998-2024 The Apache Software Foundation
2025-06-21 16:25:33,033 INFO o.a.j.JMeter: Version 5.6.3
2025-06-21 16:25:33,033 INFO o.a.j.JMeter: java.version=21.0.7
2025-06-21 16:25:33,033 INFO o.a.j.JMeter: java.vm.name=OpenJDK 64-Bit Server VM
2025-06-21 16:25:33,033 INFO o.a.j.JMeter: os.name=Mac OS X
2025-06-21 16:25:33,033 INFO o.a.j.JMeter: os.arch=aarch64
2025-06-21 16:25:33,033 INFO o.a.j.JMeter: os.version=15.5
2025-06-21 16:25:33,033 INFO o.a.j.JMeter: file.encoding=UTF-8
2025-06-21 16:25:33,033 INFO o.a.j.JMeter: java.awt.headless=true
2025-06-21 16:25:33,033 INFO o.a.j.JMeter: Max memory     =1073741824
2025-06-21 16:25:33,033 INFO o.a.j.JMeter: Available Processors =10
2025-06-21 16:25:33,040 INFO o.a.j.JMeter: Default Locale=English (EN)
2025-06-21 16:25:33,040 INFO o.a.j.JMeter: JMeter  Locale=English (EN)
2025-06-21 16:25:33,040 INFO o.a.j.JMeter: JMeterHome=/opt/homebrew/Cellar/jmeter/5.6.3/libexec
2025-06-21 16:25:33,040 INFO o.a.j.JMeter: user.dir  =/Users/hukai/Desktop/demo-hu/jmeter
2025-06-21 16:25:33,040 INFO o.a.j.JMeter: PWD       =/Users/hukai/Desktop/demo-hu/jmeter
2025-06-21 16:25:33,045 INFO o.a.j.JMeter: IP: 127.0.0.1 Name: hukai.local FullName: localhost
2025-06-21 16:25:33,051 INFO o.a.j.JMeter: Setting property 'jmeter.reportgenerator.outputdir' to:'/Users/hukai/Desktop/demo-hu/jmeter/./report'
2025-06-21 16:25:33,053 INFO o.a.j.s.FileServer: Default base='/Users/hukai/Desktop/demo-hu/jmeter'
2025-06-21 16:25:33,053 INFO o.a.j.s.FileServer: Set new base='/Users/hukai/Desktop/demo-hu/jmeter/.'
2025-06-21 16:25:33,154 INFO o.a.j.s.SaveService: Testplan (JMX) version: 2.2. Testlog (JTL) version: 2.2
2025-06-21 16:25:33,176 INFO o.a.j.s.SaveService: Using SaveService properties version 5.0
2025-06-21 16:25:33,178 INFO o.a.j.s.SaveService: Using SaveService properties file encoding UTF-8
2025-06-21 16:25:33,179 INFO o.a.j.s.SaveService: Loading file: ./test1.jmx
2025-06-21 16:25:33,210 INFO o.a.j.p.h.s.HTTPSamplerBase: Parser for text/html is org.apache.jmeter.protocol.http.parser.LagartoBasedHtmlParser
2025-06-21 16:25:33,210 INFO o.a.j.p.h.s.HTTPSamplerBase: Parser for application/xhtml+xml is org.apache.jmeter.protocol.http.parser.LagartoBasedHtmlParser
2025-06-21 16:25:33,210 INFO o.a.j.p.h.s.HTTPSamplerBase: Parser for application/xml is org.apache.jmeter.protocol.http.parser.LagartoBasedHtmlParser
2025-06-21 16:25:33,210 INFO o.a.j.p.h.s.HTTPSamplerBase: Parser for text/xml is org.apache.jmeter.protocol.http.parser.LagartoBasedHtmlParser
2025-06-21 16:25:33,210 INFO o.a.j.p.h.s.HTTPSamplerBase: Parser for text/vnd.wap.wml is org.apache.jmeter.protocol.http.parser.RegexpHTMLParser
2025-06-21 16:25:33,210 INFO o.a.j.p.h.s.HTTPSamplerBase: Parser for text/css is org.apache.jmeter.protocol.http.parser.CssParser
2025-06-21 16:25:33,217 INFO o.a.j.JMeter: Creating summariser <summary>
2025-06-21 16:25:33,223 INFO o.a.j.r.d.ReportGenerator: ReportGenerator will use for Parsing the separator: ','
2025-06-21 16:25:33,223 INFO o.a.j.r.d.ReportGenerator: Will generate report at end of test from  results file: ./test_results.jtl
2025-06-21 16:25:33,223 INFO o.a.j.r.d.ReportGenerator: Reading report generator properties from: /opt/homebrew/Cellar/jmeter/5.6.3/libexec/bin/reportgenerator.properties
2025-06-21 16:25:33,223 INFO o.a.j.r.d.ReportGenerator: Merging with JMeter properties
2025-06-21 16:25:33,225 INFO o.a.j.r.c.ReportGeneratorConfiguration: Property 'jmeter.reportgenerator.temp_dir' not found, using default value 'temp' instead.
2025-06-21 16:25:33,226 INFO o.a.j.r.c.ReportGeneratorConfiguration: Property 'jmeter.reportgenerator.apdex_per_transaction' not found, using default value 'null' instead.
2025-06-21 16:25:33,226 INFO o.a.j.r.c.ReportGeneratorConfiguration: apdex_per_transaction is empty, not APDEX per transaction customization
2025-06-21 16:25:33,226 INFO o.a.j.r.c.ReportGeneratorConfiguration: Property 'jmeter.reportgenerator.sample_filter' not found, using default value 'null' instead.
2025-06-21 16:25:33,226 INFO o.a.j.r.c.ReportGeneratorConfiguration: Property 'jmeter.reportgenerator.report_title' not found, using default value 'null' instead.
2025-06-21 16:25:33,226 INFO o.a.j.r.c.ReportGeneratorConfiguration: Property 'jmeter.reportgenerator.start_date' not found, using default value 'null' instead.
2025-06-21 16:25:33,226 INFO o.a.j.r.c.ReportGeneratorConfiguration: Property 'jmeter.reportgenerator.end_date' not found, using default value 'null' instead.
2025-06-21 16:25:33,226 INFO o.a.j.r.c.ReportGeneratorConfiguration: Property 'jmeter.reportgenerator.date_format' not found, using default value 'null' instead.
2025-06-21 16:25:33,227 INFO o.a.j.r.c.ReportGeneratorConfiguration: Will use date range start date: null, end date: null
2025-06-21 16:25:33,228 INFO o.a.j.r.c.ReportGeneratorConfiguration: Property 'jmeter.reportgenerator.graph.totalTPS.exclude_controllers' not found, using default value 'false' instead.
2025-06-21 16:25:33,228 INFO o.a.j.r.c.ReportGeneratorConfiguration: Property 'jmeter.reportgenerator.graph.activeThreadsOverTime.exclude_controllers' not found, using default value 'false' instead.
2025-06-21 16:25:33,228 INFO o.a.j.r.c.ReportGeneratorConfiguration: Property 'jmeter.reportgenerator.graph.timeVsThreads.exclude_controllers' not found, using default value 'false' instead.
2025-06-21 16:25:33,228 INFO o.a.j.r.c.ReportGeneratorConfiguration: Property 'jmeter.reportgenerator.graph.responseTimeDistribution.exclude_controllers' not found, using default value 'false' instead.
2025-06-21 16:25:33,229 INFO o.a.j.r.c.ReportGeneratorConfiguration: Property 'jmeter.reportgenerator.graph.transactionsPerSecond.exclude_controllers' not found, using default value 'false' instead.
2025-06-21 16:25:33,229 INFO o.a.j.r.c.ReportGeneratorConfiguration: Property 'jmeter.reportgenerator.graph.responseTimePercentiles.exclude_controllers' not found, using default value 'false' instead.
2025-06-21 16:25:33,229 INFO o.a.j.r.c.ReportGeneratorConfiguration: Property 'jmeter.reportgenerator.graph.responseTimePercentilesOverTime.exclude_controllers' not found, using default value 'false' instead.
2025-06-21 16:25:33,229 INFO o.a.j.r.c.ReportGeneratorConfiguration: Property 'jmeter.reportgenerator.graph.responseTimesOverTime.exclude_controllers' not found, using default value 'false' instead.
2025-06-21 16:25:33,229 INFO o.a.j.r.c.ReportGeneratorConfiguration: Property 'jmeter.reportgenerator.graph.connectTimeOverTime.exclude_controllers' not found, using default value 'false' instead.
2025-06-21 16:25:33,229 INFO o.a.j.r.c.ReportGeneratorConfiguration: Property 'jmeter.reportgenerator.graph.latenciesOverTime.exclude_controllers' not found, using default value 'false' instead.
2025-06-21 16:25:33,229 INFO o.a.j.r.c.ReportGeneratorConfiguration: Property 'jmeter.reportgenerator.exporter.json.filters_only_sample_series' not found, using default value 'true' instead.
2025-06-21 16:25:33,229 INFO o.a.j.r.c.ReportGeneratorConfiguration: Property 'jmeter.reportgenerator.exporter.json.series_filter' not found, using default value '' instead.
2025-06-21 16:25:33,229 INFO o.a.j.r.c.ReportGeneratorConfiguration: Property 'jmeter.reportgenerator.exporter.json.show_controllers_only' not found, using default value 'false' instead.
2025-06-21 16:25:33,230 INFO o.a.j.r.c.ReportGeneratorConfiguration: Property 'jmeter.reportgenerator.exporter.html.filters_only_sample_series' not found, using default value 'true' instead.
2025-06-21 16:25:33,230 INFO o.a.j.r.c.ReportGeneratorConfiguration: Property 'jmeter.reportgenerator.exporter.html.series_filter' not found, using default value '' instead.
2025-06-21 16:25:33,230 INFO o.a.j.r.c.ReportGeneratorConfiguration: Property 'jmeter.reportgenerator.exporter.html.show_controllers_only' not found, using default value 'false' instead.
2025-06-21 16:25:33,237 INFO o.a.j.e.StandardJMeterEngine: Running the test!
2025-06-21 16:25:33,237 INFO o.a.j.s.SampleEvent: List of sample_variables: []
2025-06-21 16:25:33,237 INFO o.a.j.s.SampleEvent: List of sample_variables: []
2025-06-21 16:25:33,240 INFO o.a.j.e.u.CompoundVariable: Note: Function class names must contain the string: '.functions.'
2025-06-21 16:25:33,240 INFO o.a.j.e.u.CompoundVariable: Note: Function class names must not contain the string: '.gui.'
2025-06-21 16:25:33,271 INFO o.a.j.r.ClassFinder: Will scan jar /opt/homebrew/Cellar/jmeter/5.6.3/libexec/lib/ext/jmeter-plugins-manager-1.9.jar with filter ExtendsClassFilter [parents=[interface org.apache.jmeter.functions.Function], inner=false, contains=null, notContains=null]. Consider exposing JMeter plugins via META-INF/services, and add JMeter-Skip-Class-Scanning=true manifest attribute so JMeter can skip classfile scanning
2025-06-21 16:25:33,320 INFO o.a.j.JMeter: Running test (1750494333320)
2025-06-21 16:25:33,329 INFO o.a.j.e.StandardJMeterEngine: Starting ThreadGroup: 1 : 高并发订单用户组
2025-06-21 16:25:33,330 INFO o.a.j.e.StandardJMeterEngine: Starting 500 threads for group 高并发订单用户组.
2025-06-21 16:25:33,330 INFO o.a.j.e.StandardJMeterEngine: Thread will continue on error
2025-06-21 16:25:33,330 INFO o.a.j.t.ThreadGroup: Starting thread group... number=1 threads=500 ramp-up=30 delayedStart=false
2025-06-21 16:25:33,333 INFO o.a.j.t.JMeterThread: Thread started: 高并发订单用户组 1-1
2025-06-21 16:25:33,343 INFO o.a.j.p.h.s.HTTPHCAbstractImpl: Local host = hukai.local
2025-06-21 16:25:33,346 INFO o.a.j.p.h.s.HTTPHC4Impl: HTTP request retry count = 0
2025-06-21 16:25:33,347 INFO o.a.j.s.SampleResult: Note: Sample TimeStamps are START times
2025-06-21 16:25:33,347 INFO o.a.j.s.SampleResult: sampleresult.default.encoding is set to UTF-8
2025-06-21 16:25:33,347 INFO o.a.j.s.SampleResult: sampleresult.useNanoTime=true
2025-06-21 16:25:33,347 INFO o.a.j.s.SampleResult: sampleresult.nanoThreadSleep=5000
2025-06-21 16:25:33,383 INFO o.a.j.t.ThreadGroup: Started thread group number 1
2025-06-21 16:25:33,383 INFO o.a.j.e.StandardJMeterEngine: All thread groups have been started
2025-06-21 16:25:33,396 INFO o.a.j.t.JMeterThread: Thread started: 高并发订单用户组 1-2
2025-06-21 16:25:33,423 INFO o.a.j.r.Summariser: summary +      1 in 00:00:00 =    9.9/s Avg:    23 Min:    23 Max:    23 Err:     0 (0.00%) Active: 2 Started: 2 Finished: 0
2025-06-21 16:25:33,424 INFO o.a.j.u.JsseSSLManager: Using default SSL protocol: TLS
2025-06-21 16:25:33,424 INFO o.a.j.u.JsseSSLManager: SSL session context: per-thread
2025-06-21 16:25:33,455 INFO o.a.j.t.JMeterThread: Thread started: 高并发订单用户组 1-3
2025-06-21 16:25:33,493 INFO o.a.j.t.JMeterThread: Thread is done: 高并发订单用户组 1-1
2025-06-21 16:25:33,493 INFO o.a.j.t.JMeterThread: Thread finished: 高并发订单用户组 1-1
2025-06-21 16:25:33,495 INFO o.a.j.t.JMeterThread: Thread is done: 高并发订单用户组 1-2
2025-06-21 16:25:33,495 INFO o.a.j.t.JMeterThread: Thread finished: 高并发订单用户组 1-2
2025-06-21 16:25:33,513 INFO o.a.j.t.JMeterThread: Thread started: 高并发订单用户组 1-4
2025-06-21 16:25:33,525 INFO o.a.j.t.JMeterThread: Thread is done: 高并发订单用户组 1-3
2025-06-21 16:25:33,525 INFO o.a.j.t.JMeterThread: Thread finished: 高并发订单用户组 1-3
2025-06-21 16:25:33,572 INFO o.a.j.t.JMeterThread: Thread started: 高并发订单用户组 1-5
2025-06-21 16:25:33,631 INFO o.a.j.t.JMeterThread: Thread started: 高并发订单用户组 1-6
2025-06-21 16:25:33,693 INFO o.a.j.t.JMeterThread: Thread started: 高并发订单用户组 1-7
2025-06-21 16:25:33,754 INFO o.a.j.t.JMeterThread: Thread started: 高并发订单用户组 1-8
2025-06-21 16:25:33,761 INFO o.a.j.t.JMeterThread: Thread is done: 高并发订单用户组 1-4
2025-06-21 16:25:33,761 INFO o.a.j.t.JMeterThread: Thread finished: 高并发订单用户组 1-4
2025-06-21 16:25:33,789 INFO o.a.j.t.JMeterThread: Thread is done: 高并发订单用户组 1-6
2025-06-21 16:25:33,789 INFO o.a.j.t.JMeterThread: Thread finished: 高并发订单用户组 1-6
2025-06-21 16:25:33,790 INFO o.a.j.t.JMeterThread: Thread is done: 高并发订单用户组 1-5
2025-06-21 16:25:33,790 INFO o.a.j.t.JMeterThread: Thread finished: 高并发订单用户组 1-5
2025-06-21 16:25:33,794 INFO o.a.j.t.JMeterThread: Thread is done: 高并发订单用户组 1-7
2025-06-21 16:25:33,794 INFO o.a.j.t.JMeterThread: Thread finished: 高并发订单用户组 1-7
2025-06-21 16:25:33,805 INFO o.a.j.t.JMeterThread: Thread is done: 高并发订单用户组 1-8
2025-06-21 16:25:33,805 INFO o.a.j.t.JMeterThread: Thread finished: 高并发订单用户组 1-8
2025-06-21 16:25:33,814 INFO o.a.j.t.JMeterThread: Thread started: 高并发订单用户组 1-9
2025-06-21 16:25:33,844 INFO o.a.j.t.JMeterThread: Thread is done: 高并发订单用户组 1-9
2025-06-21 16:25:33,844 INFO o.a.j.t.JMeterThread: Thread finished: 高并发订单用户组 1-9
2025-06-21 16:25:33,874 INFO o.a.j.t.JMeterThread: Thread started: 高并发订单用户组 1-10
2025-06-21 16:25:33,909 INFO o.a.j.t.JMeterThread: Thread is done: 高并发订单用户组 1-10
2025-06-21 16:25:33,909 INFO o.a.j.t.JMeterThread: Thread finished: 高并发订单用户组 1-10
2025-06-21 16:25:33,932 INFO o.a.j.t.JMeterThread: Thread started: 高并发订单用户组 1-11
2025-06-21 16:25:33,966 INFO o.a.j.t.JMeterThread: Thread is done: 高并发订单用户组 1-11
2025-06-21 16:25:33,966 INFO o.a.j.t.JMeterThread: Thread finished: 高并发订单用户组 1-11
2025-06-21 16:25:33,995 INFO o.a.j.t.JMeterThread: Thread started: 高并发订单用户组 1-12
2025-06-21 16:25:34,041 INFO o.a.j.t.JMeterThread: Thread is done: 高并发订单用户组 1-12
2025-06-21 16:25:34,041 INFO o.a.j.t.JMeterThread: Thread finished: 高并发订单用户组 1-12
2025-06-21 16:25:34,054 INFO o.a.j.t.JMeterThread: Thread started: 高并发订单用户组 1-13
2025-06-21 16:25:34,088 INFO o.a.j.t.JMeterThread: Thread is done: 高并发订单用户组 1-13
2025-06-21 16:25:34,088 INFO o.a.j.t.JMeterThread: Thread finished: 高并发订单用户组 1-13
2025-06-21 16:25:34,114 INFO o.a.j.t.JMeterThread: Thread started: 高并发订单用户组 1-14
2025-06-21 16:25:34,147 INFO o.a.j.t.JMeterThread: Thread is done: 高并发订单用户组 1-14
2025-06-21 16:25:34,147 INFO o.a.j.t.JMeterThread: Thread finished: 高并发订单用户组 1-14
2025-06-21 16:25:34,171 INFO o.a.j.t.JMeterThread: Thread started: 高并发订单用户组 1-15
2025-06-21 16:25:34,214 INFO o.a.j.t.JMeterThread: Thread is done: 高并发订单用户组 1-15
2025-06-21 16:25:34,215 INFO o.a.j.t.JMeterThread: Thread finished: 高并发订单用户组 1-15
2025-06-21 16:25:34,231 INFO o.a.j.t.JMeterThread: Thread started: 高并发订单用户组 1-16
2025-06-21 16:25:34,266 INFO o.a.j.t.JMeterThread: Thread is done: 高并发订单用户组 1-16
2025-06-21 16:25:34,266 INFO o.a.j.t.JMeterThread: Thread finished: 高并发订单用户组 1-16
2025-06-21 16:25:34,293 INFO o.a.j.t.JMeterThread: Thread started: 高并发订单用户组 1-17
2025-06-21 16:25:34,324 INFO o.a.j.t.JMeterThread: Thread is done: 高并发订单用户组 1-17
2025-06-21 16:25:34,324 INFO o.a.j.t.JMeterThread: Thread finished: 高并发订单用户组 1-17
2025-06-21 16:25:34,352 INFO o.a.j.t.JMeterThread: Thread started: 高并发订单用户组 1-18
2025-06-21 16:25:34,397 INFO o.a.j.t.JMeterThread: Thread is done: 高并发订单用户组 1-18
2025-06-21 16:25:34,397 INFO o.a.j.t.JMeterThread: Thread finished: 高并发订单用户组 1-18
2025-06-21 16:25:34,414 INFO o.a.j.t.JMeterThread: Thread started: 高并发订单用户组 1-19
2025-06-21 16:25:34,470 INFO o.a.j.t.JMeterThread: Thread is done: 高并发订单用户组 1-19
2025-06-21 16:25:34,470 INFO o.a.j.t.JMeterThread: Thread finished: 高并发订单用户组 1-19
2025-06-21 16:25:34,471 INFO o.a.j.t.JMeterThread: Thread started: 高并发订单用户组 1-20
2025-06-21 16:25:34,523 INFO o.a.j.t.JMeterThread: Thread is done: 高并发订单用户组 1-20
2025-06-21 16:25:34,524 INFO o.a.j.t.JMeterThread: Thread finished: 高并发订单用户组 1-20
2025-06-21 16:25:34,535 INFO o.a.j.t.JMeterThread: Thread started: 高并发订单用户组 1-21
2025-06-21 16:25:34,570 INFO o.a.j.t.JMeterThread: Thread is done: 高并发订单用户组 1-21
2025-06-21 16:25:34,570 INFO o.a.j.t.JMeterThread: Thread finished: 高并发订单用户组 1-21
2025-06-21 16:25:34,597 INFO o.a.j.t.JMeterThread: Thread started: 高并发订单用户组 1-22
2025-06-21 16:25:34,630 INFO o.a.j.t.JMeterThread: Thread is done: 高并发订单用户组 1-22
2025-06-21 16:25:34,630 INFO o.a.j.t.JMeterThread: Thread finished: 高并发订单用户组 1-22
2025-06-21 16:25:34,655 INFO o.a.j.t.JMeterThread: Thread started: 高并发订单用户组 1-23
2025-06-21 16:25:34,687 INFO o.a.j.t.JMeterThread: Thread is done: 高并发订单用户组 1-23
2025-06-21 16:25:34,687 INFO o.a.j.t.JMeterThread: Thread finished: 高并发订单用户组 1-23
2025-06-21 16:25:34,713 INFO o.a.j.t.JMeterThread: Thread started: 高并发订单用户组 1-24
2025-06-21 16:25:34,770 INFO o.a.j.t.JMeterThread: Thread started: 高并发订单用户组 1-25
2025-06-21 16:25:34,775 INFO o.a.j.t.JMeterThread: Thread is done: 高并发订单用户组 1-24
2025-06-21 16:25:34,776 INFO o.a.j.t.JMeterThread: Thread finished: 高并发订单用户组 1-24
2025-06-21 16:25:34,811 INFO o.a.j.t.JMeterThread: Thread is done: 高并发订单用户组 1-25
2025-06-21 16:25:34,811 INFO o.a.j.t.JMeterThread: Thread finished: 高并发订单用户组 1-25
2025-06-21 16:25:34,835 INFO o.a.j.t.JMeterThread: Thread started: 高并发订单用户组 1-26
2025-06-21 16:25:34,876 INFO o.a.j.t.JMeterThread: Thread is done: 高并发订单用户组 1-26
2025-06-21 16:25:34,876 INFO o.a.j.t.JMeterThread: Thread finished: 高并发订单用户组 1-26
2025-06-21 16:25:34,895 INFO o.a.j.t.JMeterThread: Thread started: 高并发订单用户组 1-27
2025-06-21 16:25:34,924 INFO o.a.j.t.JMeterThread: Thread is done: 高并发订单用户组 1-27
2025-06-21 16:25:34,924 INFO o.a.j.t.JMeterThread: Thread finished: 高并发订单用户组 1-27
2025-06-21 16:25:34,952 INFO o.a.j.t.JMeterThread: Thread started: 高并发订单用户组 1-28
2025-06-21 16:25:34,988 INFO o.a.j.t.JMeterThread: Thread is done: 高并发订单用户组 1-28
2025-06-21 16:25:34,989 INFO o.a.j.t.JMeterThread: Thread finished: 高并发订单用户组 1-28
2025-06-21 16:25:35,014 INFO o.a.j.t.JMeterThread: Thread started: 高并发订单用户组 1-29
2025-06-21 16:25:35,061 INFO o.a.j.t.JMeterThread: Thread is done: 高并发订单用户组 1-29
2025-06-21 16:25:35,061 INFO o.a.j.t.JMeterThread: Thread finished: 高并发订单用户组 1-29
2025-06-21 16:25:35,075 INFO o.a.j.t.JMeterThread: Thread started: 高并发订单用户组 1-30
2025-06-21 16:25:35,114 INFO o.a.j.t.JMeterThread: Thread is done: 高并发订单用户组 1-30
2025-06-21 16:25:35,114 INFO o.a.j.t.JMeterThread: Thread finished: 高并发订单用户组 1-30
2025-06-21 16:25:35,135 INFO o.a.j.t.JMeterThread: Thread started: 高并发订单用户组 1-31
2025-06-21 16:25:35,163 INFO o.a.j.t.JMeterThread: Thread is done: 高并发订单用户组 1-31
2025-06-21 16:25:35,163 INFO o.a.j.t.JMeterThread: Thread finished: 高并发订单用户组 1-31
2025-06-21 16:25:35,192 INFO o.a.j.t.JMeterThread: Thread started: 高并发订单用户组 1-32
2025-06-21 16:25:35,226 INFO o.a.j.t.JMeterThread: Thread is done: 高并发订单用户组 1-32
2025-06-21 16:25:35,226 INFO o.a.j.t.JMeterThread: Thread finished: 高并发订单用户组 1-32
2025-06-21 16:25:35,255 INFO o.a.j.t.JMeterThread: Thread started: 高并发订单用户组 1-33
2025-06-21 16:25:35,290 INFO o.a.j.t.JMeterThread: Thread is done: 高并发订单用户组 1-33
2025-06-21 16:25:35,290 INFO o.a.j.t.JMeterThread: Thread finished: 高并发订单用户组 1-33
2025-06-21 16:25:35,314 INFO o.a.j.t.JMeterThread: Thread started: 高并发订单用户组 1-34
2025-06-21 16:25:35,343 INFO o.a.j.t.JMeterThread: Thread is done: 高并发订单用户组 1-34
2025-06-21 16:25:35,343 INFO o.a.j.t.JMeterThread: Thread finished: 高并发订单用户组 1-34
2025-06-21 16:25:35,370 INFO o.a.j.t.JMeterThread: Thread started: 高并发订单用户组 1-35
2025-06-21 16:25:35,400 INFO o.a.j.t.JMeterThread: Thread is done: 高并发订单用户组 1-35
2025-06-21 16:25:35,400 INFO o.a.j.t.JMeterThread: Thread finished: 高并发订单用户组 1-35
2025-06-21 16:25:35,436 INFO o.a.j.t.JMeterThread: Thread started: 高并发订单用户组 1-36
2025-06-21 16:25:35,468 INFO o.a.j.t.JMeterThread: Thread is done: 高并发订单用户组 1-36
2025-06-21 16:25:35,468 INFO o.a.j.t.JMeterThread: Thread finished: 高并发订单用户组 1-36
2025-06-21 16:25:35,493 INFO o.a.j.t.JMeterThread: Thread started: 高并发订单用户组 1-37
2025-06-21 16:25:35,536 INFO o.a.j.t.JMeterThread: Thread is done: 高并发订单用户组 1-37
2025-06-21 16:25:35,536 INFO o.a.j.t.JMeterThread: Thread finished: 高并发订单用户组 1-37
2025-06-21 16:25:35,550 INFO o.a.j.t.JMeterThread: Thread started: 高并发订单用户组 1-38
2025-06-21 16:25:35,579 INFO o.a.j.t.JMeterThread: Thread is done: 高并发订单用户组 1-38
2025-06-21 16:25:35,579 INFO o.a.j.t.JMeterThread: Thread finished: 高并发订单用户组 1-38
2025-06-21 16:25:35,618 INFO o.a.j.t.JMeterThread: Thread started: 高并发订单用户组 1-39
2025-06-21 16:25:35,656 INFO o.a.j.t.JMeterThread: Thread is done: 高并发订单用户组 1-39
2025-06-21 16:25:35,656 INFO o.a.j.t.JMeterThread: Thread finished: 高并发订单用户组 1-39
2025-06-21 16:25:35,673 INFO o.a.j.t.JMeterThread: Thread started: 高并发订单用户组 1-40
2025-06-21 16:25:35,708 INFO o.a.j.t.JMeterThread: Thread is done: 高并发订单用户组 1-40
2025-06-21 16:25:35,708 INFO o.a.j.t.JMeterThread: Thread finished: 高并发订单用户组 1-40
2025-06-21 16:25:35,735 INFO o.a.j.t.JMeterThread: Thread started: 高并发订单用户组 1-41
2025-06-21 16:25:35,767 INFO o.a.j.t.JMeterThread: Thread is done: 高并发订单用户组 1-41
2025-06-21 16:25:35,767 INFO o.a.j.t.JMeterThread: Thread finished: 高并发订单用户组 1-41
2025-06-21 16:25:35,795 INFO o.a.j.t.JMeterThread: Thread started: 高并发订单用户组 1-42
2025-06-21 16:25:35,824 INFO o.a.j.t.JMeterThread: Thread is done: 高并发订单用户组 1-42
2025-06-21 16:25:35,825 INFO o.a.j.t.JMeterThread: Thread finished: 高并发订单用户组 1-42
2025-06-21 16:25:35,855 INFO o.a.j.t.JMeterThread: Thread started: 高并发订单用户组 1-43
2025-06-21 16:25:35,896 INFO o.a.j.t.JMeterThread: Thread is done: 高并发订单用户组 1-43
2025-06-21 16:25:35,896 INFO o.a.j.t.JMeterThread: Thread finished: 高并发订单用户组 1-43
2025-06-21 16:25:35,915 INFO o.a.j.t.JMeterThread: Thread started: 高并发订单用户组 1-44
2025-06-21 16:25:35,946 INFO o.a.j.t.JMeterThread: Thread is done: 高并发订单用户组 1-44
2025-06-21 16:25:35,946 INFO o.a.j.t.JMeterThread: Thread finished: 高并发订单用户组 1-44
2025-06-21 16:25:35,973 INFO o.a.j.t.JMeterThread: Thread started: 高并发订单用户组 1-45
2025-06-21 16:25:36,015 INFO o.a.j.t.JMeterThread: Thread is done: 高并发订单用户组 1-45
2025-06-21 16:25:36,016 INFO o.a.j.t.JMeterThread: Thread finished: 高并发订单用户组 1-45
2025-06-21 16:25:36,034 INFO o.a.j.t.JMeterThread: Thread started: 高并发订单用户组 1-46
2025-06-21 16:25:36,069 INFO o.a.j.t.JMeterThread: Thread is done: 高并发订单用户组 1-46
2025-06-21 16:25:36,069 INFO o.a.j.t.JMeterThread: Thread finished: 高并发订单用户组 1-46
2025-06-21 16:25:36,095 INFO o.a.j.t.JMeterThread: Thread started: 高并发订单用户组 1-47
2025-06-21 16:25:36,124 INFO o.a.j.t.JMeterThread: Thread is done: 高并发订单用户组 1-47
2025-06-21 16:25:36,124 INFO o.a.j.t.JMeterThread: Thread finished: 高并发订单用户组 1-47
2025-06-21 16:25:36,152 INFO o.a.j.t.JMeterThread: Thread started: 高并发订单用户组 1-48
2025-06-21 16:25:36,185 INFO o.a.j.t.JMeterThread: Thread is done: 高并发订单用户组 1-48
2025-06-21 16:25:36,186 INFO o.a.j.t.JMeterThread: Thread finished: 高并发订单用户组 1-48
2025-06-21 16:25:36,215 INFO o.a.j.t.JMeterThread: Thread started: 高并发订单用户组 1-49
2025-06-21 16:25:36,249 INFO o.a.j.t.JMeterThread: Thread is done: 高并发订单用户组 1-49
2025-06-21 16:25:36,250 INFO o.a.j.t.JMeterThread: Thread finished: 高并发订单用户组 1-49
2025-06-21 16:25:36,275 INFO o.a.j.t.JMeterThread: Thread started: 高并发订单用户组 1-50
2025-06-21 16:25:36,305 INFO o.a.j.t.JMeterThread: Thread is done: 高并发订单用户组 1-50
2025-06-21 16:25:36,305 INFO o.a.j.t.JMeterThread: Thread finished: 高并发订单用户组 1-50
2025-06-21 16:25:36,334 INFO o.a.j.t.JMeterThread: Thread started: 高并发订单用户组 1-51
2025-06-21 16:25:36,366 INFO o.a.j.t.JMeterThread: Thread is done: 高并发订单用户组 1-51
2025-06-21 16:25:36,366 INFO o.a.j.t.JMeterThread: Thread finished: 高并发订单用户组 1-51
2025-06-21 16:25:36,393 INFO o.a.j.t.JMeterThread: Thread started: 高并发订单用户组 1-52
2025-06-21 16:25:36,419 INFO o.a.j.t.JMeterThread: Thread is done: 高并发订单用户组 1-52
2025-06-21 16:25:36,419 INFO o.a.j.t.JMeterThread: Thread finished: 高并发订单用户组 1-52
2025-06-21 16:25:36,456 INFO o.a.j.t.JMeterThread: Thread started: 高并发订单用户组 1-53
2025-06-21 16:25:36,489 INFO o.a.j.t.JMeterThread: Thread is done: 高并发订单用户组 1-53
2025-06-21 16:25:36,489 INFO o.a.j.t.JMeterThread: Thread finished: 高并发订单用户组 1-53
2025-06-21 16:25:36,514 INFO o.a.j.t.JMeterThread: Thread started: 高并发订单用户组 1-54
2025-06-21 16:25:36,547 INFO o.a.j.t.JMeterThread: Thread is done: 高并发订单用户组 1-54
2025-06-21 16:25:36,547 INFO o.a.j.t.JMeterThread: Thread finished: 高并发订单用户组 1-54
2025-06-21 16:25:36,571 INFO o.a.j.t.JMeterThread: Thread started: 高并发订单用户组 1-55
2025-06-21 16:25:36,610 INFO o.a.j.t.JMeterThread: Thread is done: 高并发订单用户组 1-55
2025-06-21 16:25:36,610 INFO o.a.j.t.JMeterThread: Thread finished: 高并发订单用户组 1-55
2025-06-21 16:25:36,631 INFO o.a.j.t.JMeterThread: Thread started: 高并发订单用户组 1-56
2025-06-21 16:25:36,670 INFO o.a.j.t.JMeterThread: Thread is done: 高并发订单用户组 1-56
2025-06-21 16:25:36,670 INFO o.a.j.t.JMeterThread: Thread finished: 高并发订单用户组 1-56
2025-06-21 16:25:36,692 INFO o.a.j.t.JMeterThread: Thread started: 高并发订单用户组 1-57
2025-06-21 16:25:36,745 INFO o.a.j.t.JMeterThread: Thread is done: 高并发订单用户组 1-57
2025-06-21 16:25:36,745 INFO o.a.j.t.JMeterThread: Thread finished: 高并发订单用户组 1-57
2025-06-21 16:25:36,750 INFO o.a.j.t.JMeterThread: Thread started: 高并发订单用户组 1-58
2025-06-21 16:25:36,785 INFO o.a.j.t.JMeterThread: Thread is done: 高并发订单用户组 1-58
2025-06-21 16:25:36,785 INFO o.a.j.t.JMeterThread: Thread finished: 高并发订单用户组 1-58
2025-06-21 16:25:36,815 INFO o.a.j.t.JMeterThread: Thread started: 高并发订单用户组 1-59
2025-06-21 16:25:36,843 INFO o.a.j.t.JMeterThread: Thread is done: 高并发订单用户组 1-59
2025-06-21 16:25:36,843 INFO o.a.j.t.JMeterThread: Thread finished: 高并发订单用户组 1-59
2025-06-21 16:25:36,874 INFO o.a.j.t.JMeterThread: Thread started: 高并发订单用户组 1-60
2025-06-21 16:25:36,912 INFO o.a.j.t.JMeterThread: Thread is done: 高并发订单用户组 1-60
2025-06-21 16:25:36,912 INFO o.a.j.t.JMeterThread: Thread finished: 高并发订单用户组 1-60
2025-06-21 16:25:36,932 INFO o.a.j.t.JMeterThread: Thread started: 高并发订单用户组 1-61
2025-06-21 16:25:36,961 INFO o.a.j.t.JMeterThread: Thread is done: 高并发订单用户组 1-61
2025-06-21 16:25:36,961 INFO o.a.j.t.JMeterThread: Thread finished: 高并发订单用户组 1-61
2025-06-21 16:25:36,995 INFO o.a.j.t.JMeterThread: Thread started: 高并发订单用户组 1-62
2025-06-21 16:25:37,040 INFO o.a.j.t.JMeterThread: Thread is done: 高并发订单用户组 1-62
2025-06-21 16:25:37,040 INFO o.a.j.t.JMeterThread: Thread finished: 高并发订单用户组 1-62
2025-06-21 16:25:37,054 INFO o.a.j.t.JMeterThread: Thread started: 高并发订单用户组 1-63
2025-06-21 16:25:37,087 INFO o.a.j.t.JMeterThread: Thread is done: 高并发订单用户组 1-63
2025-06-21 16:25:37,087 INFO o.a.j.t.JMeterThread: Thread finished: 高并发订单用户组 1-63
2025-06-21 16:25:37,115 INFO o.a.j.t.JMeterThread: Thread started: 高并发订单用户组 1-64
2025-06-21 16:25:37,162 INFO o.a.j.t.JMeterThread: Thread is done: 高并发订单用户组 1-64
2025-06-21 16:25:37,163 INFO o.a.j.t.JMeterThread: Thread finished: 高并发订单用户组 1-64
2025-06-21 16:25:37,171 INFO o.a.j.t.JMeterThread: Thread started: 高并发订单用户组 1-65
2025-06-21 16:25:37,219 INFO o.a.j.t.JMeterThread: Thread is done: 高并发订单用户组 1-65
2025-06-21 16:25:37,219 INFO o.a.j.t.JMeterThread: Thread finished: 高并发订单用户组 1-65
2025-06-21 16:25:37,234 INFO o.a.j.t.JMeterThread: Thread started: 高并发订单用户组 1-66
2025-06-21 16:25:37,285 INFO o.a.j.t.JMeterThread: Thread is done: 高并发订单用户组 1-66
2025-06-21 16:25:37,285 INFO o.a.j.t.JMeterThread: Thread finished: 高并发订单用户组 1-66
2025-06-21 16:25:37,291 INFO o.a.j.t.JMeterThread: Thread started: 高并发订单用户组 1-67
2025-06-21 16:25:37,317 INFO o.a.j.t.JMeterThread: Thread is done: 高并发订单用户组 1-67
2025-06-21 16:25:37,317 INFO o.a.j.t.JMeterThread: Thread finished: 高并发订单用户组 1-67
2025-06-21 16:25:37,350 INFO o.a.j.t.JMeterThread: Thread started: 高并发订单用户组 1-68
2025-06-21 16:25:37,394 INFO o.a.j.t.JMeterThread: Thread is done: 高并发订单用户组 1-68
2025-06-21 16:25:37,394 INFO o.a.j.t.JMeterThread: Thread finished: 高并发订单用户组 1-68
2025-06-21 16:25:37,415 INFO o.a.j.t.JMeterThread: Thread started: 高并发订单用户组 1-69
2025-06-21 16:25:37,445 INFO o.a.j.t.JMeterThread: Thread is done: 高并发订单用户组 1-69
2025-06-21 16:25:37,445 INFO o.a.j.t.JMeterThread: Thread finished: 高并发订单用户组 1-69
2025-06-21 16:25:37,471 INFO o.a.j.t.JMeterThread: Thread started: 高并发订单用户组 1-70
2025-06-21 16:25:37,511 INFO o.a.j.t.JMeterThread: Thread is done: 高并发订单用户组 1-70
2025-06-21 16:25:37,511 INFO o.a.j.t.JMeterThread: Thread finished: 高并发订单用户组 1-70
2025-06-21 16:25:37,535 INFO o.a.j.t.JMeterThread: Thread started: 高并发订单用户组 1-71
2025-06-21 16:25:37,568 INFO o.a.j.t.JMeterThread: Thread is done: 高并发订单用户组 1-71
2025-06-21 16:25:37,568 INFO o.a.j.t.JMeterThread: Thread finished: 高并发订单用户组 1-71
2025-06-21 16:25:37,595 INFO o.a.j.t.JMeterThread: Thread started: 高并发订单用户组 1-72
2025-06-21 16:25:37,625 INFO o.a.j.t.JMeterThread: Thread is done: 高并发订单用户组 1-72
2025-06-21 16:25:37,625 INFO o.a.j.t.JMeterThread: Thread finished: 高并发订单用户组 1-72
2025-06-21 16:25:37,654 INFO o.a.j.t.JMeterThread: Thread started: 高并发订单用户组 1-73
2025-06-21 16:25:37,688 INFO o.a.j.t.JMeterThread: Thread is done: 高并发订单用户组 1-73
2025-06-21 16:25:37,688 INFO o.a.j.t.JMeterThread: Thread finished: 高并发订单用户组 1-73
2025-06-21 16:25:37,711 INFO o.a.j.t.JMeterThread: Thread started: 高并发订单用户组 1-74
2025-06-21 16:25:37,749 INFO o.a.j.t.JMeterThread: Thread is done: 高并发订单用户组 1-74
2025-06-21 16:25:37,749 INFO o.a.j.t.JMeterThread: Thread finished: 高并发订单用户组 1-74
2025-06-21 16:25:37,771 INFO o.a.j.t.JMeterThread: Thread started: 高并发订单用户组 1-75
2025-06-21 16:25:37,808 INFO o.a.j.t.JMeterThread: Thread is done: 高并发订单用户组 1-75
2025-06-21 16:25:37,808 INFO o.a.j.t.JMeterThread: Thread finished: 高并发订单用户组 1-75
2025-06-21 16:25:37,834 INFO o.a.j.t.JMeterThread: Thread started: 高并发订单用户组 1-76
2025-06-21 16:25:37,860 INFO o.a.j.t.JMeterThread: Thread is done: 高并发订单用户组 1-76
2025-06-21 16:25:37,860 INFO o.a.j.t.JMeterThread: Thread finished: 高并发订单用户组 1-76
2025-06-21 16:25:37,891 INFO o.a.j.t.JMeterThread: Thread started: 高并发订单用户组 1-77
2025-06-21 16:25:37,924 INFO o.a.j.t.JMeterThread: Thread is done: 高并发订单用户组 1-77
2025-06-21 16:25:37,924 INFO o.a.j.t.JMeterThread: Thread finished: 高并发订单用户组 1-77
2025-06-21 16:25:37,950 INFO o.a.j.t.JMeterThread: Thread started: 高并发订单用户组 1-78
2025-06-21 16:25:37,987 INFO o.a.j.t.JMeterThread: Thread is done: 高并发订单用户组 1-78
2025-06-21 16:25:37,987 INFO o.a.j.t.JMeterThread: Thread finished: 高并发订单用户组 1-78
2025-06-21 16:25:38,013 INFO o.a.j.t.JMeterThread: Thread started: 高并发订单用户组 1-79
2025-06-21 16:25:38,056 INFO o.a.j.t.JMeterThread: Thread is done: 高并发订单用户组 1-79
2025-06-21 16:25:38,056 INFO o.a.j.t.JMeterThread: Thread finished: 高并发订单用户组 1-79
2025-06-21 16:25:38,076 INFO o.a.j.t.JMeterThread: Thread started: 高并发订单用户组 1-80
2025-06-21 16:25:38,112 INFO o.a.j.t.JMeterThread: Thread is done: 高并发订单用户组 1-80
2025-06-21 16:25:38,112 INFO o.a.j.t.JMeterThread: Thread finished: 高并发订单用户组 1-80
2025-06-21 16:25:38,132 INFO o.a.j.t.JMeterThread: Thread started: 高并发订单用户组 1-81
2025-06-21 16:25:38,184 INFO o.a.j.t.JMeterThread: Thread is done: 高并发订单用户组 1-81
2025-06-21 16:25:38,184 INFO o.a.j.t.JMeterThread: Thread finished: 高并发订单用户组 1-81
2025-06-21 16:25:38,191 INFO o.a.j.t.JMeterThread: Thread started: 高并发订单用户组 1-82
2025-06-21 16:25:38,225 INFO o.a.j.t.JMeterThread: Thread is done: 高并发订单用户组 1-82
2025-06-21 16:25:38,225 INFO o.a.j.t.JMeterThread: Thread finished: 高并发订单用户组 1-82
2025-06-21 16:25:38,255 INFO o.a.j.t.JMeterThread: Thread started: 高并发订单用户组 1-83
2025-06-21 16:25:38,283 INFO o.a.j.t.JMeterThread: Thread is done: 高并发订单用户组 1-83
2025-06-21 16:25:38,283 INFO o.a.j.t.JMeterThread: Thread finished: 高并发订单用户组 1-83
2025-06-21 16:25:38,312 INFO o.a.j.t.JMeterThread: Thread started: 高并发订单用户组 1-84
2025-06-21 16:25:38,337 INFO o.a.j.t.JMeterThread: Thread is done: 高并发订单用户组 1-84
2025-06-21 16:25:38,337 INFO o.a.j.t.JMeterThread: Thread finished: 高并发订单用户组 1-84
2025-06-21 16:25:38,372 INFO o.a.j.t.JMeterThread: Thread started: 高并发订单用户组 1-85
2025-06-21 16:25:38,399 INFO o.a.j.t.JMeterThread: Thread is done: 高并发订单用户组 1-85
2025-06-21 16:25:38,399 INFO o.a.j.t.JMeterThread: Thread finished: 高并发订单用户组 1-85
2025-06-21 16:25:38,432 INFO o.a.j.t.JMeterThread: Thread started: 高并发订单用户组 1-86
2025-06-21 16:25:38,460 INFO o.a.j.t.JMeterThread: Thread is done: 高并发订单用户组 1-86
2025-06-21 16:25:38,460 INFO o.a.j.t.JMeterThread: Thread finished: 高并发订单用户组 1-86
2025-06-21 16:25:38,493 INFO o.a.j.t.JMeterThread: Thread started: 高并发订单用户组 1-87
2025-06-21 16:25:38,526 INFO o.a.j.t.JMeterThread: Thread is done: 高并发订单用户组 1-87
2025-06-21 16:25:38,526 INFO o.a.j.t.JMeterThread: Thread finished: 高并发订单用户组 1-87
2025-06-21 16:25:38,555 INFO o.a.j.t.JMeterThread: Thread started: 高并发订单用户组 1-88
2025-06-21 16:25:38,580 INFO o.a.j.t.JMeterThread: Thread is done: 高并发订单用户组 1-88
2025-06-21 16:25:38,580 INFO o.a.j.t.JMeterThread: Thread finished: 高并发订单用户组 1-88
2025-06-21 16:25:38,611 INFO o.a.j.t.JMeterThread: Thread started: 高并发订单用户组 1-89
2025-06-21 16:25:38,645 INFO o.a.j.t.JMeterThread: Thread is done: 高并发订单用户组 1-89
2025-06-21 16:25:38,645 INFO o.a.j.t.JMeterThread: Thread finished: 高并发订单用户组 1-89
2025-06-21 16:25:38,673 INFO o.a.j.t.JMeterThread: Thread started: 高并发订单用户组 1-90
2025-06-21 16:25:38,709 INFO o.a.j.t.JMeterThread: Thread is done: 高并发订单用户组 1-90
2025-06-21 16:25:38,709 INFO o.a.j.t.JMeterThread: Thread finished: 高并发订单用户组 1-90
2025-06-21 16:25:38,736 INFO o.a.j.t.JMeterThread: Thread started: 高并发订单用户组 1-91
2025-06-21 16:25:38,767 INFO o.a.j.t.JMeterThread: Thread is done: 高并发订单用户组 1-91
2025-06-21 16:25:38,767 INFO o.a.j.t.JMeterThread: Thread finished: 高并发订单用户组 1-91
2025-06-21 16:25:38,798 INFO o.a.j.t.JMeterThread: Thread started: 高并发订单用户组 1-92
2025-06-21 16:25:38,826 INFO o.a.j.t.JMeterThread: Thread is done: 高并发订单用户组 1-92
2025-06-21 16:25:38,826 INFO o.a.j.t.JMeterThread: Thread finished: 高并发订单用户组 1-92
2025-06-21 16:25:38,854 INFO o.a.j.t.JMeterThread: Thread started: 高并发订单用户组 1-93
2025-06-21 16:25:38,887 INFO o.a.j.t.JMeterThread: Thread is done: 高并发订单用户组 1-93
2025-06-21 16:25:38,887 INFO o.a.j.t.JMeterThread: Thread finished: 高并发订单用户组 1-93
2025-06-21 16:25:38,915 INFO o.a.j.t.JMeterThread: Thread started: 高并发订单用户组 1-94
2025-06-21 16:25:38,947 INFO o.a.j.t.JMeterThread: Thread is done: 高并发订单用户组 1-94
2025-06-21 16:25:38,947 INFO o.a.j.t.JMeterThread: Thread finished: 高并发订单用户组 1-94
2025-06-21 16:25:38,972 INFO o.a.j.t.JMeterThread: Thread started: 高并发订单用户组 1-95
2025-06-21 16:25:39,008 INFO o.a.j.t.JMeterThread: Thread is done: 高并发订单用户组 1-95
2025-06-21 16:25:39,008 INFO o.a.j.t.JMeterThread: Thread finished: 高并发订单用户组 1-95
2025-06-21 16:25:39,033 INFO o.a.j.t.JMeterThread: Thread started: 高并发订单用户组 1-96
2025-06-21 16:25:39,067 INFO o.a.j.t.JMeterThread: Thread is done: 高并发订单用户组 1-96
2025-06-21 16:25:39,067 INFO o.a.j.t.JMeterThread: Thread finished: 高并发订单用户组 1-96
2025-06-21 16:25:39,090 INFO o.a.j.t.JMeterThread: Thread started: 高并发订单用户组 1-97
2025-06-21 16:25:39,120 INFO o.a.j.t.JMeterThread: Thread is done: 高并发订单用户组 1-97
2025-06-21 16:25:39,120 INFO o.a.j.t.JMeterThread: Thread finished: 高并发订单用户组 1-97
2025-06-21 16:25:39,152 INFO o.a.j.t.JMeterThread: Thread started: 高并发订单用户组 1-98
2025-06-21 16:25:39,192 INFO o.a.j.t.JMeterThread: Thread is done: 高并发订单用户组 1-98
2025-06-21 16:25:39,192 INFO o.a.j.t.JMeterThread: Thread finished: 高并发订单用户组 1-98
2025-06-21 16:25:39,216 INFO o.a.j.t.JMeterThread: Thread started: 高并发订单用户组 1-99
2025-06-21 16:25:39,243 INFO o.a.j.t.JMeterThread: Thread is done: 高并发订单用户组 1-99
2025-06-21 16:25:39,243 INFO o.a.j.t.JMeterThread: Thread finished: 高并发订单用户组 1-99
2025-06-21 16:25:39,275 INFO o.a.j.t.JMeterThread: Thread started: 高并发订单用户组 1-100
2025-06-21 16:25:39,306 INFO o.a.j.t.JMeterThread: Thread is done: 高并发订单用户组 1-100
2025-06-21 16:25:39,306 INFO o.a.j.t.JMeterThread: Thread finished: 高并发订单用户组 1-100
2025-06-21 16:25:39,335 INFO o.a.j.t.JMeterThread: Thread started: 高并发订单用户组 1-101
2025-06-21 16:25:39,367 INFO o.a.j.t.JMeterThread: Thread is done: 高并发订单用户组 1-101
2025-06-21 16:25:39,367 INFO o.a.j.t.JMeterThread: Thread finished: 高并发订单用户组 1-101
2025-06-21 16:25:39,390 INFO o.a.j.t.JMeterThread: Thread started: 高并发订单用户组 1-102
2025-06-21 16:25:39,423 INFO o.a.j.t.JMeterThread: Thread is done: 高并发订单用户组 1-102
2025-06-21 16:25:39,423 INFO o.a.j.t.JMeterThread: Thread finished: 高并发订单用户组 1-102
2025-06-21 16:25:39,451 INFO o.a.j.t.JMeterThread: Thread started: 高并发订单用户组 1-103
2025-06-21 16:25:39,479 INFO o.a.j.t.JMeterThread: Thread is done: 高并发订单用户组 1-103
2025-06-21 16:25:39,479 INFO o.a.j.t.JMeterThread: Thread finished: 高并发订单用户组 1-103
2025-06-21 16:25:39,512 INFO o.a.j.t.JMeterThread: Thread started: 高并发订单用户组 1-104
2025-06-21 16:25:39,543 INFO o.a.j.t.JMeterThread: Thread is done: 高并发订单用户组 1-104
2025-06-21 16:25:39,543 INFO o.a.j.t.JMeterThread: Thread finished: 高并发订单用户组 1-104
2025-06-21 16:25:39,572 INFO o.a.j.t.JMeterThread: Thread started: 高并发订单用户组 1-105
2025-06-21 16:25:39,604 INFO o.a.j.t.JMeterThread: Thread is done: 高并发订单用户组 1-105
2025-06-21 16:25:39,604 INFO o.a.j.t.JMeterThread: Thread finished: 高并发订单用户组 1-105
2025-06-21 16:25:39,631 INFO o.a.j.t.JMeterThread: Thread started: 高并发订单用户组 1-106
2025-06-21 16:25:39,670 INFO o.a.j.t.JMeterThread: Thread is done: 高并发订单用户组 1-106
2025-06-21 16:25:39,670 INFO o.a.j.t.JMeterThread: Thread finished: 高并发订单用户组 1-106
2025-06-21 16:25:39,695 INFO o.a.j.t.JMeterThread: Thread started: 高并发订单用户组 1-107
2025-06-21 16:25:39,751 INFO o.a.j.t.JMeterThread: Thread started: 高并发订单用户组 1-108
2025-06-21 16:25:39,810 INFO o.a.j.t.JMeterThread: Thread started: 高并发订单用户组 1-109
2025-06-21 16:25:39,823 INFO o.a.j.t.JMeterThread: Thread is done: 高并发订单用户组 1-107
2025-06-21 16:25:39,823 INFO o.a.j.t.JMeterThread: Thread finished: 高并发订单用户组 1-107
2025-06-21 16:25:39,839 INFO o.a.j.t.JMeterThread: Thread is done: 高并发订单用户组 1-108
2025-06-21 16:25:39,839 INFO o.a.j.t.JMeterThread: Thread finished: 高并发订单用户组 1-108
2025-06-21 16:25:39,842 INFO o.a.j.t.JMeterThread: Thread is done: 高并发订单用户组 1-109
2025-06-21 16:25:39,842 INFO o.a.j.t.JMeterThread: Thread finished: 高并发订单用户组 1-109
2025-06-21 16:25:39,871 INFO o.a.j.t.JMeterThread: Thread started: 高并发订单用户组 1-110
2025-06-21 16:25:39,930 INFO o.a.j.t.JMeterThread: Thread is done: 高并发订单用户组 1-110
2025-06-21 16:25:39,930 INFO o.a.j.t.JMeterThread: Thread finished: 高并发订单用户组 1-110
2025-06-21 16:25:39,933 INFO o.a.j.t.JMeterThread: Thread started: 高并发订单用户组 1-111
2025-06-21 16:25:39,960 INFO o.a.j.t.JMeterThread: Thread is done: 高并发订单用户组 1-111
2025-06-21 16:25:39,960 INFO o.a.j.t.JMeterThread: Thread finished: 高并发订单用户组 1-111
2025-06-21 16:25:39,996 INFO o.a.j.t.JMeterThread: Thread started: 高并发订单用户组 1-112
2025-06-21 16:25:40,028 INFO o.a.j.t.JMeterThread: Thread is done: 高并发订单用户组 1-112
2025-06-21 16:25:40,028 INFO o.a.j.t.JMeterThread: Thread finished: 高并发订单用户组 1-112
2025-06-21 16:25:40,054 INFO o.a.j.t.JMeterThread: Thread started: 高并发订单用户组 1-113
2025-06-21 16:25:40,077 INFO o.a.j.t.JMeterThread: Thread is done: 高并发订单用户组 1-113
2025-06-21 16:25:40,077 INFO o.a.j.t.JMeterThread: Thread finished: 高并发订单用户组 1-113
2025-06-21 16:25:40,115 INFO o.a.j.t.JMeterThread: Thread started: 高并发订单用户组 1-114
2025-06-21 16:25:40,147 INFO o.a.j.t.JMeterThread: Thread is done: 高并发订单用户组 1-114
2025-06-21 16:25:40,147 INFO o.a.j.t.JMeterThread: Thread finished: 高并发订单用户组 1-114
2025-06-21 16:25:40,175 INFO o.a.j.t.JMeterThread: Thread started: 高并发订单用户组 1-115
2025-06-21 16:25:40,210 INFO o.a.j.t.JMeterThread: Thread is done: 高并发订单用户组 1-115
2025-06-21 16:25:40,210 INFO o.a.j.t.JMeterThread: Thread finished: 高并发订单用户组 1-115
2025-06-21 16:25:40,232 INFO o.a.j.t.JMeterThread: Thread started: 高并发订单用户组 1-116
2025-06-21 16:25:40,259 INFO o.a.j.t.JMeterThread: Thread is done: 高并发订单用户组 1-116
2025-06-21 16:25:40,259 INFO o.a.j.t.JMeterThread: Thread finished: 高并发订单用户组 1-116
2025-06-21 16:25:40,295 INFO o.a.j.t.JMeterThread: Thread started: 高并发订单用户组 1-117
2025-06-21 16:25:40,321 INFO o.a.j.t.JMeterThread: Thread is done: 高并发订单用户组 1-117
2025-06-21 16:25:40,321 INFO o.a.j.t.JMeterThread: Thread finished: 高并发订单用户组 1-117
2025-06-21 16:25:40,350 INFO o.a.j.t.JMeterThread: Thread started: 高并发订单用户组 1-118
2025-06-21 16:25:40,379 INFO o.a.j.t.JMeterThread: Thread is done: 高并发订单用户组 1-118
2025-06-21 16:25:40,379 INFO o.a.j.t.JMeterThread: Thread finished: 高并发订单用户组 1-118
2025-06-21 16:25:40,411 INFO o.a.j.t.JMeterThread: Thread started: 高并发订单用户组 1-119
2025-06-21 16:25:40,435 INFO o.a.j.t.JMeterThread: Thread is done: 高并发订单用户组 1-119
2025-06-21 16:25:40,435 INFO o.a.j.t.JMeterThread: Thread finished: 高并发订单用户组 1-119
2025-06-21 16:25:40,471 INFO o.a.j.t.JMeterThread: Thread started: 高并发订单用户组 1-120
2025-06-21 16:25:40,516 INFO o.a.j.t.JMeterThread: Thread is done: 高并发订单用户组 1-120
2025-06-21 16:25:40,516 INFO o.a.j.t.JMeterThread: Thread finished: 高并发订单用户组 1-120
2025-06-21 16:25:40,535 INFO o.a.j.t.JMeterThread: Thread started: 高并发订单用户组 1-121
2025-06-21 16:25:40,595 INFO o.a.j.t.JMeterThread: Thread started: 高并发订单用户组 1-122
2025-06-21 16:25:40,637 INFO o.a.j.t.JMeterThread: Thread is done: 高并发订单用户组 1-122
2025-06-21 16:25:40,637 INFO o.a.j.t.JMeterThread: Thread finished: 高并发订单用户组 1-122
2025-06-21 16:25:40,652 INFO o.a.j.t.JMeterThread: Thread started: 高并发订单用户组 1-123
2025-06-21 16:25:40,706 INFO o.a.j.t.JMeterThread: Thread is done: 高并发订单用户组 1-123
2025-06-21 16:25:40,706 INFO o.a.j.t.JMeterThread: Thread finished: 高并发订单用户组 1-123
2025-06-21 16:25:40,716 INFO o.a.j.t.JMeterThread: Thread started: 高并发订单用户组 1-124
2025-06-21 16:25:40,770 INFO o.a.j.t.JMeterThread: Thread started: 高并发订单用户组 1-125
2025-06-21 16:25:40,813 INFO o.a.j.t.JMeterThread: Thread is done: 高并发订单用户组 1-124
2025-06-21 16:25:40,813 INFO o.a.j.t.JMeterThread: Thread finished: 高并发订单用户组 1-124
2025-06-21 16:25:40,824 INFO o.a.j.t.JMeterThread: Thread is done: 高并发订单用户组 1-125
2025-06-21 16:25:40,824 INFO o.a.j.t.JMeterThread: Thread finished: 高并发订单用户组 1-125
2025-06-21 16:25:40,834 INFO o.a.j.t.JMeterThread: Thread started: 高并发订单用户组 1-126
2025-06-21 16:25:40,858 INFO o.a.j.t.JMeterThread: Thread is done: 高并发订单用户组 1-126
2025-06-21 16:25:40,858 INFO o.a.j.t.JMeterThread: Thread finished: 高并发订单用户组 1-126
2025-06-21 16:25:40,896 INFO o.a.j.t.JMeterThread: Thread started: 高并发订单用户组 1-127
2025-06-21 16:25:40,921 INFO o.a.j.t.JMeterThread: Thread is done: 高并发订单用户组 1-127
2025-06-21 16:25:40,921 INFO o.a.j.t.JMeterThread: Thread finished: 高并发订单用户组 1-127
2025-06-21 16:25:40,953 INFO o.a.j.t.JMeterThread: Thread started: 高并发订单用户组 1-128
2025-06-21 16:25:40,990 INFO o.a.j.t.JMeterThread: Thread is done: 高并发订单用户组 1-128
2025-06-21 16:25:40,990 INFO o.a.j.t.JMeterThread: Thread finished: 高并发订单用户组 1-128
2025-06-21 16:25:41,011 INFO o.a.j.t.JMeterThread: Thread started: 高并发订单用户组 1-129
2025-06-21 16:25:41,052 INFO o.a.j.t.JMeterThread: Thread is done: 高并发订单用户组 1-129
2025-06-21 16:25:41,052 INFO o.a.j.t.JMeterThread: Thread finished: 高并发订单用户组 1-129
2025-06-21 16:25:41,072 INFO o.a.j.t.JMeterThread: Thread started: 高并发订单用户组 1-130
2025-06-21 16:25:41,099 INFO o.a.j.t.JMeterThread: Thread is done: 高并发订单用户组 1-130
2025-06-21 16:25:41,100 INFO o.a.j.t.JMeterThread: Thread finished: 高并发订单用户组 1-130
2025-06-21 16:25:41,133 INFO o.a.j.t.JMeterThread: Thread started: 高并发订单用户组 1-131
2025-06-21 16:25:41,155 INFO o.a.j.t.JMeterThread: Thread is done: 高并发订单用户组 1-131
2025-06-21 16:25:41,155 INFO o.a.j.t.JMeterThread: Thread finished: 高并发订单用户组 1-131
2025-06-21 16:25:41,191 INFO o.a.j.t.JMeterThread: Thread started: 高并发订单用户组 1-132
2025-06-21 16:25:41,229 INFO o.a.j.t.JMeterThread: Thread is done: 高并发订单用户组 1-132
2025-06-21 16:25:41,229 INFO o.a.j.t.JMeterThread: Thread finished: 高并发订单用户组 1-132
2025-06-21 16:25:41,255 INFO o.a.j.t.JMeterThread: Thread started: 高并发订单用户组 1-133
2025-06-21 16:25:41,283 INFO o.a.j.t.JMeterThread: Thread is done: 高并发订单用户组 1-133
2025-06-21 16:25:41,283 INFO o.a.j.t.JMeterThread: Thread finished: 高并发订单用户组 1-133
2025-06-21 16:25:41,315 INFO o.a.j.t.JMeterThread: Thread started: 高并发订单用户组 1-134
2025-06-21 16:25:41,357 INFO o.a.j.t.JMeterThread: Thread is done: 高并发订单用户组 1-134
2025-06-21 16:25:41,357 INFO o.a.j.t.JMeterThread: Thread finished: 高并发订单用户组 1-134
2025-06-21 16:25:41,372 INFO o.a.j.t.JMeterThread: Thread started: 高并发订单用户组 1-135
2025-06-21 16:25:41,403 INFO o.a.j.t.JMeterThread: Thread is done: 高并发订单用户组 1-135
2025-06-21 16:25:41,403 INFO o.a.j.t.JMeterThread: Thread finished: 高并发订单用户组 1-135
2025-06-21 16:25:41,435 INFO o.a.j.t.JMeterThread: Thread started: 高并发订单用户组 1-136
2025-06-21 16:25:41,458 INFO o.a.j.t.JMeterThread: Thread is done: 高并发订单用户组 1-136
2025-06-21 16:25:41,458 INFO o.a.j.t.JMeterThread: Thread finished: 高并发订单用户组 1-136
2025-06-21 16:25:41,496 INFO o.a.j.t.JMeterThread: Thread started: 高并发订单用户组 1-137
2025-06-21 16:25:41,538 INFO o.a.j.t.JMeterThread: Thread is done: 高并发订单用户组 1-137
2025-06-21 16:25:41,538 INFO o.a.j.t.JMeterThread: Thread finished: 高并发订单用户组 1-137
2025-06-21 16:25:41,553 INFO o.a.j.t.JMeterThread: Thread started: 高并发订单用户组 1-138
2025-06-21 16:25:41,592 INFO o.a.j.t.JMeterThread: Thread is done: 高并发订单用户组 1-138
2025-06-21 16:25:41,592 INFO o.a.j.t.JMeterThread: Thread finished: 高并发订单用户组 1-138
2025-06-21 16:25:41,615 INFO o.a.j.t.JMeterThread: Thread started: 高并发订单用户组 1-139
2025-06-21 16:25:41,695 INFO o.a.j.t.JMeterThread: Thread started: 高并发订单用户组 1-140
2025-06-21 16:25:41,758 INFO o.a.j.t.JMeterThread: Thread started: 高并发订单用户组 1-141
2025-06-21 16:25:41,795 INFO o.a.j.t.JMeterThread: Thread started: 高并发订单用户组 1-142
2025-06-21 16:25:41,820 INFO o.a.j.t.JMeterThread: Thread is done: 高并发订单用户组 1-139
2025-06-21 16:25:41,820 INFO o.a.j.t.JMeterThread: Thread finished: 高并发订单用户组 1-139
2025-06-21 16:25:41,851 INFO o.a.j.t.JMeterThread: Thread started: 高并发订单用户组 1-143
2025-06-21 16:25:41,857 INFO o.a.j.t.JMeterThread: Thread is done: 高并发订单用户组 1-140
2025-06-21 16:25:41,857 INFO o.a.j.t.JMeterThread: Thread finished: 高并发订单用户组 1-140
2025-06-21 16:25:41,858 INFO o.a.j.t.JMeterThread: Thread is done: 高并发订单用户组 1-141
2025-06-21 16:25:41,858 INFO o.a.j.t.JMeterThread: Thread finished: 高并发订单用户组 1-141
2025-06-21 16:25:41,863 INFO o.a.j.t.JMeterThread: Thread is done: 高并发订单用户组 1-142
2025-06-21 16:25:41,863 INFO o.a.j.t.JMeterThread: Thread finished: 高并发订单用户组 1-142
2025-06-21 16:25:41,891 INFO o.a.j.t.JMeterThread: Thread is done: 高并发订单用户组 1-143
2025-06-21 16:25:41,891 INFO o.a.j.t.JMeterThread: Thread finished: 高并发订单用户组 1-143
2025-06-21 16:25:41,915 INFO o.a.j.t.JMeterThread: Thread started: 高并发订单用户组 1-144
2025-06-21 16:25:41,945 INFO o.a.j.t.JMeterThread: Thread is done: 高并发订单用户组 1-144
2025-06-21 16:25:41,945 INFO o.a.j.t.JMeterThread: Thread finished: 高并发订单用户组 1-144
2025-06-21 16:25:41,971 INFO o.a.j.t.JMeterThread: Thread started: 高并发订单用户组 1-145
2025-06-21 16:25:42,002 INFO o.a.j.t.JMeterThread: Thread is done: 高并发订单用户组 1-145
2025-06-21 16:25:42,002 INFO o.a.j.t.JMeterThread: Thread finished: 高并发订单用户组 1-145
2025-06-21 16:25:42,034 INFO o.a.j.t.JMeterThread: Thread started: 高并发订单用户组 1-146
2025-06-21 16:25:42,063 INFO o.a.j.t.JMeterThread: Thread is done: 高并发订单用户组 1-146
2025-06-21 16:25:42,063 INFO o.a.j.t.JMeterThread: Thread finished: 高并发订单用户组 1-146
2025-06-21 16:25:42,092 INFO o.a.j.t.JMeterThread: Thread started: 高并发订单用户组 1-147
2025-06-21 16:25:42,116 INFO o.a.j.t.JMeterThread: Thread is done: 高并发订单用户组 1-147
2025-06-21 16:25:42,116 INFO o.a.j.t.JMeterThread: Thread finished: 高并发订单用户组 1-147
2025-06-21 16:25:42,150 INFO o.a.j.t.JMeterThread: Thread started: 高并发订单用户组 1-148
2025-06-21 16:25:42,185 INFO o.a.j.t.JMeterThread: Thread is done: 高并发订单用户组 1-148
2025-06-21 16:25:42,185 INFO o.a.j.t.JMeterThread: Thread finished: 高并发订单用户组 1-148
2025-06-21 16:25:42,212 INFO o.a.j.t.JMeterThread: Thread started: 高并发订单用户组 1-149
2025-06-21 16:25:42,240 INFO o.a.j.t.JMeterThread: Thread is done: 高并发订单用户组 1-149
2025-06-21 16:25:42,240 INFO o.a.j.t.JMeterThread: Thread finished: 高并发订单用户组 1-149
2025-06-21 16:25:42,273 INFO o.a.j.t.JMeterThread: Thread started: 高并发订单用户组 1-150
2025-06-21 16:25:42,316 INFO o.a.j.t.JMeterThread: Thread is done: 高并发订单用户组 1-150
2025-06-21 16:25:42,316 INFO o.a.j.t.JMeterThread: Thread finished: 高并发订单用户组 1-150
2025-06-21 16:25:42,333 INFO o.a.j.t.JMeterThread: Thread started: 高并发订单用户组 1-151
2025-06-21 16:25:42,386 INFO o.a.j.t.JMeterThread: Thread is done: 高并发订单用户组 1-151
2025-06-21 16:25:42,386 INFO o.a.j.t.JMeterThread: Thread finished: 高并发订单用户组 1-151
2025-06-21 16:25:42,392 INFO o.a.j.t.JMeterThread: Thread started: 高并发订单用户组 1-152
2025-06-21 16:25:42,421 INFO o.a.j.t.JMeterThread: Thread is done: 高并发订单用户组 1-152
2025-06-21 16:25:42,421 INFO o.a.j.t.JMeterThread: Thread finished: 高并发订单用户组 1-152
2025-06-21 16:25:42,457 INFO o.a.j.t.JMeterThread: Thread started: 高并发订单用户组 1-153
2025-06-21 16:25:42,487 INFO o.a.j.t.JMeterThread: Thread is done: 高并发订单用户组 1-153
2025-06-21 16:25:42,487 INFO o.a.j.t.JMeterThread: Thread finished: 高并发订单用户组 1-153
2025-06-21 16:25:42,513 INFO o.a.j.t.JMeterThread: Thread started: 高并发订单用户组 1-154
2025-06-21 16:25:42,558 INFO o.a.j.t.JMeterThread: Thread is done: 高并发订单用户组 1-154
2025-06-21 16:25:42,558 INFO o.a.j.t.JMeterThread: Thread finished: 高并发订单用户组 1-154
2025-06-21 16:25:42,575 INFO o.a.j.t.JMeterThread: Thread started: 高并发订单用户组 1-155
2025-06-21 16:25:42,607 INFO o.a.j.t.JMeterThread: Thread is done: 高并发订单用户组 1-155
2025-06-21 16:25:42,607 INFO o.a.j.t.JMeterThread: Thread finished: 高并发订单用户组 1-155
2025-06-21 16:25:42,631 INFO o.a.j.t.JMeterThread: Thread started: 高并发订单用户组 1-156
2025-06-21 16:25:42,659 INFO o.a.j.t.JMeterThread: Thread is done: 高并发订单用户组 1-156
2025-06-21 16:25:42,659 INFO o.a.j.t.JMeterThread: Thread finished: 高并发订单用户组 1-156
2025-06-21 16:25:42,695 INFO o.a.j.t.JMeterThread: Thread started: 高并发订单用户组 1-157
2025-06-21 16:25:42,738 INFO o.a.j.t.JMeterThread: Thread is done: 高并发订单用户组 1-157
2025-06-21 16:25:42,738 INFO o.a.j.t.JMeterThread: Thread finished: 高并发订单用户组 1-157
2025-06-21 16:25:42,755 INFO o.a.j.t.JMeterThread: Thread started: 高并发订单用户组 1-158
2025-06-21 16:25:42,785 INFO o.a.j.t.JMeterThread: Thread is done: 高并发订单用户组 1-158
2025-06-21 16:25:42,785 INFO o.a.j.t.JMeterThread: Thread finished: 高并发订单用户组 1-158
2025-06-21 16:25:42,815 INFO o.a.j.t.JMeterThread: Thread started: 高并发订单用户组 1-159
2025-06-21 16:25:42,839 INFO o.a.j.t.JMeterThread: Thread is done: 高并发订单用户组 1-159
2025-06-21 16:25:42,839 INFO o.a.j.t.JMeterThread: Thread finished: 高并发订单用户组 1-159
2025-06-21 16:25:42,875 INFO o.a.j.t.JMeterThread: Thread started: 高并发订单用户组 1-160
2025-06-21 16:25:42,908 INFO o.a.j.t.JMeterThread: Thread is done: 高并发订单用户组 1-160
2025-06-21 16:25:42,908 INFO o.a.j.t.JMeterThread: Thread finished: 高并发订单用户组 1-160
2025-06-21 16:25:42,932 INFO o.a.j.t.JMeterThread: Thread started: 高并发订单用户组 1-161
2025-06-21 16:25:42,958 INFO o.a.j.t.JMeterThread: Thread is done: 高并发订单用户组 1-161
2025-06-21 16:25:42,958 INFO o.a.j.t.JMeterThread: Thread finished: 高并发订单用户组 1-161
2025-06-21 16:25:42,995 INFO o.a.j.t.JMeterThread: Thread started: 高并发订单用户组 1-162
2025-06-21 16:25:43,028 INFO o.a.j.t.JMeterThread: Thread is done: 高并发订单用户组 1-162
2025-06-21 16:25:43,028 INFO o.a.j.t.JMeterThread: Thread finished: 高并发订单用户组 1-162
2025-06-21 16:25:43,052 INFO o.a.j.t.JMeterThread: Thread started: 高并发订单用户组 1-163
2025-06-21 16:25:43,087 INFO o.a.j.t.JMeterThread: Thread is done: 高并发订单用户组 1-163
2025-06-21 16:25:43,087 INFO o.a.j.t.JMeterThread: Thread finished: 高并发订单用户组 1-163
2025-06-21 16:25:43,114 INFO o.a.j.t.JMeterThread: Thread started: 高并发订单用户组 1-164
2025-06-21 16:25:43,152 INFO o.a.j.t.JMeterThread: Thread is done: 高并发订单用户组 1-164
2025-06-21 16:25:43,152 INFO o.a.j.t.JMeterThread: Thread finished: 高并发订单用户组 1-164
2025-06-21 16:25:43,175 INFO o.a.j.t.JMeterThread: Thread started: 高并发订单用户组 1-165
2025-06-21 16:25:43,212 INFO o.a.j.t.JMeterThread: Thread is done: 高并发订单用户组 1-165
2025-06-21 16:25:43,212 INFO o.a.j.t.JMeterThread: Thread finished: 高并发订单用户组 1-165
2025-06-21 16:25:43,235 INFO o.a.j.t.JMeterThread: Thread started: 高并发订单用户组 1-166
2025-06-21 16:25:43,260 INFO o.a.j.t.JMeterThread: Thread is done: 高并发订单用户组 1-166
2025-06-21 16:25:43,260 INFO o.a.j.t.JMeterThread: Thread finished: 高并发订单用户组 1-166
2025-06-21 16:25:43,296 INFO o.a.j.t.JMeterThread: Thread started: 高并发订单用户组 1-167
2025-06-21 16:25:43,320 INFO o.a.j.t.JMeterThread: Thread is done: 高并发订单用户组 1-167
2025-06-21 16:25:43,320 INFO o.a.j.t.JMeterThread: Thread finished: 高并发订单用户组 1-167
2025-06-21 16:25:43,353 INFO o.a.j.t.JMeterThread: Thread started: 高并发订单用户组 1-168
2025-06-21 16:25:43,384 INFO o.a.j.t.JMeterThread: Thread is done: 高并发订单用户组 1-168
2025-06-21 16:25:43,384 INFO o.a.j.t.JMeterThread: Thread finished: 高并发订单用户组 1-168
2025-06-21 16:25:43,414 INFO o.a.j.t.JMeterThread: Thread started: 高并发订单用户组 1-169
2025-06-21 16:25:43,438 INFO o.a.j.t.JMeterThread: Thread is done: 高并发订单用户组 1-169
2025-06-21 16:25:43,438 INFO o.a.j.t.JMeterThread: Thread finished: 高并发订单用户组 1-169
2025-06-21 16:25:43,471 INFO o.a.j.t.JMeterThread: Thread started: 高并发订单用户组 1-170
2025-06-21 16:25:43,532 INFO o.a.j.t.JMeterThread: Thread is done: 高并发订单用户组 1-170
2025-06-21 16:25:43,532 INFO o.a.j.t.JMeterThread: Thread finished: 高并发订单用户组 1-170
2025-06-21 16:25:43,532 INFO o.a.j.t.JMeterThread: Thread started: 高并发订单用户组 1-171
2025-06-21 16:25:43,560 INFO o.a.j.t.JMeterThread: Thread is done: 高并发订单用户组 1-171
2025-06-21 16:25:43,560 INFO o.a.j.t.JMeterThread: Thread finished: 高并发订单用户组 1-171
2025-06-21 16:25:43,594 INFO o.a.j.t.JMeterThread: Thread started: 高并发订单用户组 1-172
2025-06-21 16:25:43,619 INFO o.a.j.t.JMeterThread: Thread is done: 高并发订单用户组 1-172
2025-06-21 16:25:43,619 INFO o.a.j.t.JMeterThread: Thread finished: 高并发订单用户组 1-172
2025-06-21 16:25:43,651 INFO o.a.j.t.JMeterThread: Thread started: 高并发订单用户组 1-173
2025-06-21 16:25:43,678 INFO o.a.j.t.JMeterThread: Thread is done: 高并发订单用户组 1-173
2025-06-21 16:25:43,678 INFO o.a.j.t.JMeterThread: Thread finished: 高并发订单用户组 1-173
2025-06-21 16:25:43,715 INFO o.a.j.t.JMeterThread: Thread started: 高并发订单用户组 1-174
2025-06-21 16:25:43,748 INFO o.a.j.t.JMeterThread: Thread is done: 高并发订单用户组 1-174
2025-06-21 16:25:43,748 INFO o.a.j.t.JMeterThread: Thread finished: 高并发订单用户组 1-174
2025-06-21 16:25:43,773 INFO o.a.j.t.JMeterThread: Thread started: 高并发订单用户组 1-175
2025-06-21 16:25:43,807 INFO o.a.j.t.JMeterThread: Thread is done: 高并发订单用户组 1-175
2025-06-21 16:25:43,807 INFO o.a.j.t.JMeterThread: Thread finished: 高并发订单用户组 1-175
2025-06-21 16:25:43,836 INFO o.a.j.t.JMeterThread: Thread started: 高并发订单用户组 1-176
2025-06-21 16:25:43,857 INFO o.a.j.t.JMeterThread: Thread is done: 高并发订单用户组 1-176
2025-06-21 16:25:43,857 INFO o.a.j.t.JMeterThread: Thread finished: 高并发订单用户组 1-176
2025-06-21 16:25:43,896 INFO o.a.j.t.JMeterThread: Thread started: 高并发订单用户组 1-177
2025-06-21 16:25:43,922 INFO o.a.j.t.JMeterThread: Thread is done: 高并发订单用户组 1-177
2025-06-21 16:25:43,922 INFO o.a.j.t.JMeterThread: Thread finished: 高并发订单用户组 1-177
2025-06-21 16:25:43,956 INFO o.a.j.t.JMeterThread: Thread started: 高并发订单用户组 1-178
2025-06-21 16:25:43,994 INFO o.a.j.t.JMeterThread: Thread is done: 高并发订单用户组 1-178
2025-06-21 16:25:43,994 INFO o.a.j.t.JMeterThread: Thread finished: 高并发订单用户组 1-178
2025-06-21 16:25:44,016 INFO o.a.j.t.JMeterThread: Thread started: 高并发订单用户组 1-179
2025-06-21 16:25:44,057 INFO o.a.j.t.JMeterThread: Thread is done: 高并发订单用户组 1-179
2025-06-21 16:25:44,057 INFO o.a.j.t.JMeterThread: Thread finished: 高并发订单用户组 1-179
2025-06-21 16:25:44,075 INFO o.a.j.t.JMeterThread: Thread started: 高并发订单用户组 1-180
2025-06-21 16:25:44,101 INFO o.a.j.t.JMeterThread: Thread is done: 高并发订单用户组 1-180
2025-06-21 16:25:44,101 INFO o.a.j.t.JMeterThread: Thread finished: 高并发订单用户组 1-180
2025-06-21 16:25:44,131 INFO o.a.j.t.JMeterThread: Thread started: 高并发订单用户组 1-181
2025-06-21 16:25:44,174 INFO o.a.j.t.JMeterThread: Thread is done: 高并发订单用户组 1-181
2025-06-21 16:25:44,174 INFO o.a.j.t.JMeterThread: Thread finished: 高并发订单用户组 1-181
2025-06-21 16:25:44,191 INFO o.a.j.t.JMeterThread: Thread started: 高并发订单用户组 1-182
2025-06-21 16:25:44,233 INFO o.a.j.t.JMeterThread: Thread is done: 高并发订单用户组 1-182
2025-06-21 16:25:44,233 INFO o.a.j.t.JMeterThread: Thread finished: 高并发订单用户组 1-182
2025-06-21 16:25:44,255 INFO o.a.j.t.JMeterThread: Thread started: 高并发订单用户组 1-183
2025-06-21 16:25:44,284 INFO o.a.j.t.JMeterThread: Thread is done: 高并发订单用户组 1-183
2025-06-21 16:25:44,284 INFO o.a.j.t.JMeterThread: Thread finished: 高并发订单用户组 1-183
2025-06-21 16:25:44,312 INFO o.a.j.t.JMeterThread: Thread started: 高并发订单用户组 1-184
2025-06-21 16:25:44,371 INFO o.a.j.t.JMeterThread: Thread started: 高并发订单用户组 1-185
2025-06-21 16:25:44,397 INFO o.a.j.t.JMeterThread: Thread is done: 高并发订单用户组 1-184
2025-06-21 16:25:44,397 INFO o.a.j.t.JMeterThread: Thread finished: 高并发订单用户组 1-184
2025-06-21 16:25:44,409 INFO o.a.j.t.JMeterThread: Thread is done: 高并发订单用户组 1-185
2025-06-21 16:25:44,409 INFO o.a.j.t.JMeterThread: Thread finished: 高并发订单用户组 1-185
2025-06-21 16:25:44,437 INFO o.a.j.t.JMeterThread: Thread started: 高并发订单用户组 1-186
2025-06-21 16:25:44,463 INFO o.a.j.t.JMeterThread: Thread is done: 高并发订单用户组 1-186
2025-06-21 16:25:44,463 INFO o.a.j.t.JMeterThread: Thread finished: 高并发订单用户组 1-186
2025-06-21 16:25:44,497 INFO o.a.j.t.JMeterThread: Thread started: 高并发订单用户组 1-187
2025-06-21 16:25:44,522 INFO o.a.j.t.JMeterThread: Thread is done: 高并发订单用户组 1-121
2025-06-21 16:25:44,522 INFO o.a.j.t.JMeterThread: Thread finished: 高并发订单用户组 1-121
2025-06-21 16:25:44,535 INFO o.a.j.t.JMeterThread: Thread is done: 高并发订单用户组 1-187
2025-06-21 16:25:44,535 INFO o.a.j.t.JMeterThread: Thread finished: 高并发订单用户组 1-187
2025-06-21 16:25:44,553 INFO o.a.j.t.JMeterThread: Thread started: 高并发订单用户组 1-188
2025-06-21 16:25:44,580 INFO o.a.j.t.JMeterThread: Thread is done: 高并发订单用户组 1-188
2025-06-21 16:25:44,580 INFO o.a.j.t.JMeterThread: Thread finished: 高并发订单用户组 1-188
2025-06-21 16:25:44,615 INFO o.a.j.t.JMeterThread: Thread started: 高并发订单用户组 1-189
2025-06-21 16:25:44,648 INFO o.a.j.t.JMeterThread: Thread is done: 高并发订单用户组 1-189
2025-06-21 16:25:44,648 INFO o.a.j.t.JMeterThread: Thread finished: 高并发订单用户组 1-189
2025-06-21 16:25:44,675 INFO o.a.j.t.JMeterThread: Thread started: 高并发订单用户组 1-190
2025-06-21 16:25:44,711 INFO o.a.j.t.JMeterThread: Thread is done: 高并发订单用户组 1-190
2025-06-21 16:25:44,711 INFO o.a.j.t.JMeterThread: Thread finished: 高并发订单用户组 1-190
2025-06-21 16:25:44,735 INFO o.a.j.t.JMeterThread: Thread started: 高并发订单用户组 1-191
2025-06-21 16:25:44,759 INFO o.a.j.t.JMeterThread: Thread is done: 高并发订单用户组 1-191
2025-06-21 16:25:44,759 INFO o.a.j.t.JMeterThread: Thread finished: 高并发订单用户组 1-191
2025-06-21 16:25:44,795 INFO o.a.j.t.JMeterThread: Thread started: 高并发订单用户组 1-192
2025-06-21 16:25:44,820 INFO o.a.j.t.JMeterThread: Thread is done: 高并发订单用户组 1-192
2025-06-21 16:25:44,820 INFO o.a.j.t.JMeterThread: Thread finished: 高并发订单用户组 1-192
2025-06-21 16:25:44,851 INFO o.a.j.t.JMeterThread: Thread started: 高并发订单用户组 1-193
2025-06-21 16:25:44,893 INFO o.a.j.t.JMeterThread: Thread is done: 高并发订单用户组 1-193
2025-06-21 16:25:44,893 INFO o.a.j.t.JMeterThread: Thread finished: 高并发订单用户组 1-193
2025-06-21 16:25:44,915 INFO o.a.j.t.JMeterThread: Thread started: 高并发订单用户组 1-194
2025-06-21 16:25:44,947 INFO o.a.j.t.JMeterThread: Thread is done: 高并发订单用户组 1-194
2025-06-21 16:25:44,947 INFO o.a.j.t.JMeterThread: Thread finished: 高并发订单用户组 1-194
2025-06-21 16:25:44,974 INFO o.a.j.t.JMeterThread: Thread started: 高并发订单用户组 1-195
2025-06-21 16:25:45,033 INFO o.a.j.t.JMeterThread: Thread started: 高并发订单用户组 1-196
2025-06-21 16:25:45,095 INFO o.a.j.t.JMeterThread: Thread started: 高并发订单用户组 1-197
2025-06-21 16:25:45,156 INFO o.a.j.t.JMeterThread: Thread started: 高并发订单用户组 1-198
2025-06-21 16:25:45,210 INFO o.a.j.t.JMeterThread: Thread started: 高并发订单用户组 1-199
2025-06-21 16:25:45,257 INFO o.a.j.t.JMeterThread: Thread is done: 高并发订单用户组 1-195
2025-06-21 16:25:45,257 INFO o.a.j.t.JMeterThread: Thread finished: 高并发订单用户组 1-195
2025-06-21 16:25:45,260 INFO o.a.j.t.JMeterThread: Thread is done: 高并发订单用户组 1-196
2025-06-21 16:25:45,260 INFO o.a.j.t.JMeterThread: Thread finished: 高并发订单用户组 1-196
2025-06-21 16:25:45,262 INFO o.a.j.t.JMeterThread: Thread is done: 高并发订单用户组 1-197
2025-06-21 16:25:45,262 INFO o.a.j.t.JMeterThread: Thread finished: 高并发订单用户组 1-197
2025-06-21 16:25:45,262 INFO o.a.j.t.JMeterThread: Thread is done: 高并发订单用户组 1-198
2025-06-21 16:25:45,262 INFO o.a.j.t.JMeterThread: Thread finished: 高并发订单用户组 1-198
2025-06-21 16:25:45,265 INFO o.a.j.t.JMeterThread: Thread is done: 高并发订单用户组 1-199
2025-06-21 16:25:45,265 INFO o.a.j.t.JMeterThread: Thread finished: 高并发订单用户组 1-199
2025-06-21 16:25:45,276 INFO o.a.j.t.JMeterThread: Thread started: 高并发订单用户组 1-200
2025-06-21 16:25:45,333 INFO o.a.j.t.JMeterThread: Thread started: 高并发订单用户组 1-201
2025-06-21 16:25:45,403 INFO o.a.j.t.JMeterThread: Thread started: 高并发订单用户组 1-202
2025-06-21 16:25:45,452 INFO o.a.j.t.JMeterThread: Thread started: 高并发订单用户组 1-203
2025-06-21 16:25:45,512 INFO o.a.j.t.JMeterThread: Thread started: 高并发订单用户组 1-204
2025-06-21 16:25:45,570 INFO o.a.j.t.JMeterThread: Thread started: 高并发订单用户组 1-205
2025-06-21 16:25:45,594 INFO o.a.j.t.JMeterThread: Thread is done: 高并发订单用户组 1-200
2025-06-21 16:25:45,595 INFO o.a.j.t.JMeterThread: Thread finished: 高并发订单用户组 1-200
2025-06-21 16:25:45,610 INFO o.a.j.t.JMeterThread: Thread is done: 高并发订单用户组 1-202
2025-06-21 16:25:45,610 INFO o.a.j.t.JMeterThread: Thread finished: 高并发订单用户组 1-202
2025-06-21 16:25:45,612 INFO o.a.j.t.JMeterThread: Thread is done: 高并发订单用户组 1-203
2025-06-21 16:25:45,612 INFO o.a.j.t.JMeterThread: Thread finished: 高并发订单用户组 1-203
2025-06-21 16:25:45,613 INFO o.a.j.t.JMeterThread: Thread is done: 高并发订单用户组 1-201
2025-06-21 16:25:45,613 INFO o.a.j.t.JMeterThread: Thread finished: 高并发订单用户组 1-201
2025-06-21 16:25:45,618 INFO o.a.j.t.JMeterThread: Thread is done: 高并发订单用户组 1-204
2025-06-21 16:25:45,618 INFO o.a.j.t.JMeterThread: Thread finished: 高并发订单用户组 1-204
2025-06-21 16:25:45,624 INFO o.a.j.t.JMeterThread: Thread is done: 高并发订单用户组 1-205
2025-06-21 16:25:45,624 INFO o.a.j.t.JMeterThread: Thread finished: 高并发订单用户组 1-205
2025-06-21 16:25:45,633 INFO o.a.j.t.JMeterThread: Thread started: 高并发订单用户组 1-206
2025-06-21 16:25:45,663 INFO o.a.j.t.JMeterThread: Thread is done: 高并发订单用户组 1-206
2025-06-21 16:25:45,663 INFO o.a.j.t.JMeterThread: Thread finished: 高并发订单用户组 1-206
2025-06-21 16:25:45,691 INFO o.a.j.t.JMeterThread: Thread started: 高并发订单用户组 1-207
2025-06-21 16:25:45,751 INFO o.a.j.t.JMeterThread: Thread started: 高并发订单用户组 1-208
2025-06-21 16:25:45,753 INFO o.a.j.t.JMeterThread: Thread is done: 高并发订单用户组 1-207
2025-06-21 16:25:45,753 INFO o.a.j.t.JMeterThread: Thread finished: 高并发订单用户组 1-207
2025-06-21 16:25:45,791 INFO o.a.j.t.JMeterThread: Thread is done: 高并发订单用户组 1-208
2025-06-21 16:25:45,791 INFO o.a.j.t.JMeterThread: Thread finished: 高并发订单用户组 1-208
2025-06-21 16:25:45,810 INFO o.a.j.t.JMeterThread: Thread started: 高并发订单用户组 1-209
2025-06-21 16:25:45,842 INFO o.a.j.t.JMeterThread: Thread is done: 高并发订单用户组 1-209
2025-06-21 16:25:45,842 INFO o.a.j.t.JMeterThread: Thread finished: 高并发订单用户组 1-209
2025-06-21 16:25:45,870 INFO o.a.j.t.JMeterThread: Thread started: 高并发订单用户组 1-210
2025-06-21 16:25:45,906 INFO o.a.j.t.JMeterThread: Thread is done: 高并发订单用户组 1-210
2025-06-21 16:25:45,906 INFO o.a.j.t.JMeterThread: Thread finished: 高并发订单用户组 1-210
2025-06-21 16:25:45,932 INFO o.a.j.t.JMeterThread: Thread started: 高并发订单用户组 1-211
2025-06-21 16:25:45,962 INFO o.a.j.t.JMeterThread: Thread is done: 高并发订单用户组 1-211
2025-06-21 16:25:45,962 INFO o.a.j.t.JMeterThread: Thread finished: 高并发订单用户组 1-211
2025-06-21 16:25:45,995 INFO o.a.j.t.JMeterThread: Thread started: 高并发订单用户组 1-212
2025-06-21 16:25:46,027 INFO o.a.j.t.JMeterThread: Thread is done: 高并发订单用户组 1-212
2025-06-21 16:25:46,027 INFO o.a.j.t.JMeterThread: Thread finished: 高并发订单用户组 1-212
2025-06-21 16:25:46,052 INFO o.a.j.t.JMeterThread: Thread started: 高并发订单用户组 1-213
2025-06-21 16:25:46,076 INFO o.a.j.t.JMeterThread: Thread is done: 高并发订单用户组 1-213
2025-06-21 16:25:46,077 INFO o.a.j.t.JMeterThread: Thread finished: 高并发订单用户组 1-213
2025-06-21 16:25:46,112 INFO o.a.j.t.JMeterThread: Thread started: 高并发订单用户组 1-214
2025-06-21 16:25:46,139 INFO o.a.j.t.JMeterThread: Thread is done: 高并发订单用户组 1-214
2025-06-21 16:25:46,139 INFO o.a.j.t.JMeterThread: Thread finished: 高并发订单用户组 1-214
2025-06-21 16:25:46,172 INFO o.a.j.t.JMeterThread: Thread started: 高并发订单用户组 1-215
2025-06-21 16:25:46,208 INFO o.a.j.t.JMeterThread: Thread is done: 高并发订单用户组 1-215
2025-06-21 16:25:46,209 INFO o.a.j.t.JMeterThread: Thread finished: 高并发订单用户组 1-215
2025-06-21 16:25:46,235 INFO o.a.j.t.JMeterThread: Thread started: 高并发订单用户组 1-216
2025-06-21 16:25:46,263 INFO o.a.j.t.JMeterThread: Thread is done: 高并发订单用户组 1-216
2025-06-21 16:25:46,263 INFO o.a.j.t.JMeterThread: Thread finished: 高并发订单用户组 1-216
2025-06-21 16:25:46,295 INFO o.a.j.t.JMeterThread: Thread started: 高并发订单用户组 1-217
2025-06-21 16:25:46,321 INFO o.a.j.t.JMeterThread: Thread is done: 高并发订单用户组 1-217
2025-06-21 16:25:46,321 INFO o.a.j.t.JMeterThread: Thread finished: 高并发订单用户组 1-217
2025-06-21 16:25:46,355 INFO o.a.j.t.JMeterThread: Thread started: 高并发订单用户组 1-218
2025-06-21 16:25:46,395 INFO o.a.j.t.JMeterThread: Thread is done: 高并发订单用户组 1-218
2025-06-21 16:25:46,395 INFO o.a.j.t.JMeterThread: Thread finished: 高并发订单用户组 1-218
2025-06-21 16:25:46,413 INFO o.a.j.t.JMeterThread: Thread started: 高并发订单用户组 1-219
2025-06-21 16:25:46,440 INFO o.a.j.t.JMeterThread: Thread is done: 高并发订单用户组 1-219
2025-06-21 16:25:46,440 INFO o.a.j.t.JMeterThread: Thread finished: 高并发订单用户组 1-219
2025-06-21 16:25:46,475 INFO o.a.j.t.JMeterThread: Thread started: 高并发订单用户组 1-220
2025-06-21 16:25:46,512 INFO o.a.j.t.JMeterThread: Thread is done: 高并发订单用户组 1-220
2025-06-21 16:25:46,512 INFO o.a.j.t.JMeterThread: Thread finished: 高并发订单用户组 1-220
2025-06-21 16:25:46,536 INFO o.a.j.t.JMeterThread: Thread started: 高并发订单用户组 1-221
2025-06-21 16:25:46,563 INFO o.a.j.t.JMeterThread: Thread is done: 高并发订单用户组 1-221
2025-06-21 16:25:46,563 INFO o.a.j.t.JMeterThread: Thread finished: 高并发订单用户组 1-221
2025-06-21 16:25:46,596 INFO o.a.j.t.JMeterThread: Thread started: 高并发订单用户组 1-222
2025-06-21 16:25:46,625 INFO o.a.j.t.JMeterThread: Thread is done: 高并发订单用户组 1-222
2025-06-21 16:25:46,625 INFO o.a.j.t.JMeterThread: Thread finished: 高并发订单用户组 1-222
2025-06-21 16:25:46,653 INFO o.a.j.t.JMeterThread: Thread started: 高并发订单用户组 1-223
2025-06-21 16:25:46,681 INFO o.a.j.t.JMeterThread: Thread is done: 高并发订单用户组 1-223
2025-06-21 16:25:46,681 INFO o.a.j.t.JMeterThread: Thread finished: 高并发订单用户组 1-223
2025-06-21 16:25:46,711 INFO o.a.j.t.JMeterThread: Thread started: 高并发订单用户组 1-224
2025-06-21 16:25:46,752 INFO o.a.j.t.JMeterThread: Thread is done: 高并发订单用户组 1-224
2025-06-21 16:25:46,752 INFO o.a.j.t.JMeterThread: Thread finished: 高并发订单用户组 1-224
2025-06-21 16:25:46,774 INFO o.a.j.t.JMeterThread: Thread started: 高并发订单用户组 1-225
2025-06-21 16:25:46,807 INFO o.a.j.t.JMeterThread: Thread is done: 高并发订单用户组 1-225
2025-06-21 16:25:46,807 INFO o.a.j.t.JMeterThread: Thread finished: 高并发订单用户组 1-225
2025-06-21 16:25:46,835 INFO o.a.j.t.JMeterThread: Thread started: 高并发订单用户组 1-226
2025-06-21 16:25:46,858 INFO o.a.j.t.JMeterThread: Thread is done: 高并发订单用户组 1-226
2025-06-21 16:25:46,858 INFO o.a.j.t.JMeterThread: Thread finished: 高并发订单用户组 1-226
2025-06-21 16:25:46,890 INFO o.a.j.t.JMeterThread: Thread started: 高并发订单用户组 1-227
2025-06-21 16:25:46,916 INFO o.a.j.t.JMeterThread: Thread is done: 高并发订单用户组 1-227
2025-06-21 16:25:46,917 INFO o.a.j.t.JMeterThread: Thread finished: 高并发订单用户组 1-227
2025-06-21 16:25:46,956 INFO o.a.j.t.JMeterThread: Thread started: 高并发订单用户组 1-228
2025-06-21 16:25:46,991 INFO o.a.j.t.JMeterThread: Thread is done: 高并发订单用户组 1-228
2025-06-21 16:25:46,991 INFO o.a.j.t.JMeterThread: Thread finished: 高并发订单用户组 1-228
2025-06-21 16:25:47,011 INFO o.a.j.t.JMeterThread: Thread started: 高并发订单用户组 1-229
2025-06-21 16:25:47,049 INFO o.a.j.t.JMeterThread: Thread is done: 高并发订单用户组 1-229
2025-06-21 16:25:47,049 INFO o.a.j.t.JMeterThread: Thread finished: 高并发订单用户组 1-229
2025-06-21 16:25:47,074 INFO o.a.j.t.JMeterThread: Thread started: 高并发订单用户组 1-230
2025-06-21 16:25:47,104 INFO o.a.j.t.JMeterThread: Thread is done: 高并发订单用户组 1-230
2025-06-21 16:25:47,104 INFO o.a.j.t.JMeterThread: Thread finished: 高并发订单用户组 1-230
2025-06-21 16:25:47,130 INFO o.a.j.t.JMeterThread: Thread started: 高并发订单用户组 1-231
2025-06-21 16:25:47,153 INFO o.a.j.t.JMeterThread: Thread is done: 高并发订单用户组 1-231
2025-06-21 16:25:47,153 INFO o.a.j.t.JMeterThread: Thread finished: 高并发订单用户组 1-231
2025-06-21 16:25:47,195 INFO o.a.j.t.JMeterThread: Thread started: 高并发订单用户组 1-232
2025-06-21 16:25:47,225 INFO o.a.j.t.JMeterThread: Thread is done: 高并发订单用户组 1-232
2025-06-21 16:25:47,225 INFO o.a.j.t.JMeterThread: Thread finished: 高并发订单用户组 1-232
2025-06-21 16:25:47,250 INFO o.a.j.t.JMeterThread: Thread started: 高并发订单用户组 1-233
2025-06-21 16:25:47,273 INFO o.a.j.t.JMeterThread: Thread is done: 高并发订单用户组 1-233
2025-06-21 16:25:47,273 INFO o.a.j.t.JMeterThread: Thread finished: 高并发订单用户组 1-233
2025-06-21 16:25:47,312 INFO o.a.j.t.JMeterThread: Thread started: 高并发订单用户组 1-234
2025-06-21 16:25:47,339 INFO o.a.j.t.JMeterThread: Thread is done: 高并发订单用户组 1-234
2025-06-21 16:25:47,339 INFO o.a.j.t.JMeterThread: Thread finished: 高并发订单用户组 1-234
2025-06-21 16:25:47,374 INFO o.a.j.t.JMeterThread: Thread started: 高并发订单用户组 1-235
2025-06-21 16:25:47,403 INFO o.a.j.t.JMeterThread: Thread is done: 高并发订单用户组 1-235
2025-06-21 16:25:47,403 INFO o.a.j.t.JMeterThread: Thread finished: 高并发订单用户组 1-235
2025-06-21 16:25:47,435 INFO o.a.j.t.JMeterThread: Thread started: 高并发订单用户组 1-236
2025-06-21 16:25:47,464 INFO o.a.j.t.JMeterThread: Thread is done: 高并发订单用户组 1-236
2025-06-21 16:25:47,464 INFO o.a.j.t.JMeterThread: Thread finished: 高并发订单用户组 1-236
2025-06-21 16:25:47,494 INFO o.a.j.t.JMeterThread: Thread started: 高并发订单用户组 1-237
2025-06-21 16:25:47,534 INFO o.a.j.t.JMeterThread: Thread is done: 高并发订单用户组 1-237
2025-06-21 16:25:47,534 INFO o.a.j.t.JMeterThread: Thread finished: 高并发订单用户组 1-237
2025-06-21 16:25:47,556 INFO o.a.j.t.JMeterThread: Thread started: 高并发订单用户组 1-238
2025-06-21 16:25:47,579 INFO o.a.j.t.JMeterThread: Thread is done: 高并发订单用户组 1-238
2025-06-21 16:25:47,579 INFO o.a.j.t.JMeterThread: Thread finished: 高并发订单用户组 1-238
2025-06-21 16:25:47,616 INFO o.a.j.t.JMeterThread: Thread started: 高并发订单用户组 1-239
2025-06-21 16:25:47,649 INFO o.a.j.t.JMeterThread: Thread is done: 高并发订单用户组 1-239
2025-06-21 16:25:47,649 INFO o.a.j.t.JMeterThread: Thread finished: 高并发订单用户组 1-239
2025-06-21 16:25:47,675 INFO o.a.j.t.JMeterThread: Thread started: 高并发订单用户组 1-240
2025-06-21 16:25:47,712 INFO o.a.j.t.JMeterThread: Thread is done: 高并发订单用户组 1-240
2025-06-21 16:25:47,712 INFO o.a.j.t.JMeterThread: Thread finished: 高并发订单用户组 1-240
2025-06-21 16:25:47,735 INFO o.a.j.t.JMeterThread: Thread started: 高并发订单用户组 1-241
2025-06-21 16:25:47,760 INFO o.a.j.t.JMeterThread: Thread is done: 高并发订单用户组 1-241
2025-06-21 16:25:47,760 INFO o.a.j.t.JMeterThread: Thread finished: 高并发订单用户组 1-241
2025-06-21 16:25:47,795 INFO o.a.j.t.JMeterThread: Thread started: 高并发订单用户组 1-242
2025-06-21 16:25:47,820 INFO o.a.j.t.JMeterThread: Thread is done: 高并发订单用户组 1-242
2025-06-21 16:25:47,820 INFO o.a.j.t.JMeterThread: Thread finished: 高并发订单用户组 1-242
2025-06-21 16:25:47,855 INFO o.a.j.t.JMeterThread: Thread started: 高并发订单用户组 1-243
2025-06-21 16:25:47,890 INFO o.a.j.t.JMeterThread: Thread is done: 高并发订单用户组 1-243
2025-06-21 16:25:47,890 INFO o.a.j.t.JMeterThread: Thread finished: 高并发订单用户组 1-243
2025-06-21 16:25:47,911 INFO o.a.j.t.JMeterThread: Thread started: 高并发订单用户组 1-244
2025-06-21 16:25:47,936 INFO o.a.j.t.JMeterThread: Thread is done: 高并发订单用户组 1-244
2025-06-21 16:25:47,936 INFO o.a.j.t.JMeterThread: Thread finished: 高并发订单用户组 1-244
2025-06-21 16:25:47,975 INFO o.a.j.t.JMeterThread: Thread started: 高并发订单用户组 1-245
2025-06-21 16:25:48,032 INFO o.a.j.t.JMeterThread: Thread started: 高并发订单用户组 1-246
2025-06-21 16:25:48,074 INFO o.a.j.t.JMeterThread: Thread is done: 高并发订单用户组 1-245
2025-06-21 16:25:48,074 INFO o.a.j.t.JMeterThread: Thread finished: 高并发订单用户组 1-245
2025-06-21 16:25:48,090 INFO o.a.j.t.JMeterThread: Thread started: 高并发订单用户组 1-247
2025-06-21 16:25:48,118 INFO o.a.j.t.JMeterThread: Thread is done: 高并发订单用户组 1-246
2025-06-21 16:25:48,118 INFO o.a.j.t.JMeterThread: Thread finished: 高并发订单用户组 1-246
2025-06-21 16:25:48,148 INFO o.a.j.t.JMeterThread: Thread is done: 高并发订单用户组 1-247
2025-06-21 16:25:48,149 INFO o.a.j.t.JMeterThread: Thread finished: 高并发订单用户组 1-247
2025-06-21 16:25:48,150 INFO o.a.j.t.JMeterThread: Thread started: 高并发订单用户组 1-248
2025-06-21 16:25:48,188 INFO o.a.j.t.JMeterThread: Thread is done: 高并发订单用户组 1-248
2025-06-21 16:25:48,188 INFO o.a.j.t.JMeterThread: Thread finished: 高并发订单用户组 1-248
2025-06-21 16:25:48,215 INFO o.a.j.t.JMeterThread: Thread started: 高并发订单用户组 1-249
2025-06-21 16:25:48,241 INFO o.a.j.t.JMeterThread: Thread is done: 高并发订单用户组 1-249
2025-06-21 16:25:48,241 INFO o.a.j.t.JMeterThread: Thread finished: 高并发订单用户组 1-249
2025-06-21 16:25:48,275 INFO o.a.j.t.JMeterThread: Thread started: 高并发订单用户组 1-250
2025-06-21 16:25:48,300 INFO o.a.j.t.JMeterThread: Thread is done: 高并发订单用户组 1-250
2025-06-21 16:25:48,300 INFO o.a.j.t.JMeterThread: Thread finished: 高并发订单用户组 1-250
2025-06-21 16:25:48,336 INFO o.a.j.t.JMeterThread: Thread started: 高并发订单用户组 1-251
2025-06-21 16:25:48,371 INFO o.a.j.t.JMeterThread: Thread is done: 高并发订单用户组 1-251
2025-06-21 16:25:48,371 INFO o.a.j.t.JMeterThread: Thread finished: 高并发订单用户组 1-251
2025-06-21 16:25:48,392 INFO o.a.j.t.JMeterThread: Thread started: 高并发订单用户组 1-252
2025-06-21 16:25:48,415 INFO o.a.j.t.JMeterThread: Thread is done: 高并发订单用户组 1-252
2025-06-21 16:25:48,415 INFO o.a.j.t.JMeterThread: Thread finished: 高并发订单用户组 1-252
2025-06-21 16:25:48,455 INFO o.a.j.t.JMeterThread: Thread started: 高并发订单用户组 1-253
2025-06-21 16:25:48,485 INFO o.a.j.t.JMeterThread: Thread is done: 高并发订单用户组 1-253
2025-06-21 16:25:48,485 INFO o.a.j.t.JMeterThread: Thread finished: 高并发订单用户组 1-253
2025-06-21 16:25:48,514 INFO o.a.j.t.JMeterThread: Thread started: 高并发订单用户组 1-254
2025-06-21 16:25:48,539 INFO o.a.j.t.JMeterThread: Thread is done: 高并发订单用户组 1-254
2025-06-21 16:25:48,539 INFO o.a.j.t.JMeterThread: Thread finished: 高并发订单用户组 1-254
2025-06-21 16:25:48,573 INFO o.a.j.t.JMeterThread: Thread started: 高并发订单用户组 1-255
2025-06-21 16:25:48,603 INFO o.a.j.t.JMeterThread: Thread is done: 高并发订单用户组 1-255
2025-06-21 16:25:48,603 INFO o.a.j.t.JMeterThread: Thread finished: 高并发订单用户组 1-255
2025-06-21 16:25:48,630 INFO o.a.j.t.JMeterThread: Thread started: 高并发订单用户组 1-256
2025-06-21 16:25:48,659 INFO o.a.j.t.JMeterThread: Thread is done: 高并发订单用户组 1-256
2025-06-21 16:25:48,659 INFO o.a.j.t.JMeterThread: Thread finished: 高并发订单用户组 1-256
2025-06-21 16:25:48,695 INFO o.a.j.t.JMeterThread: Thread started: 高并发订单用户组 1-257
2025-06-21 16:25:48,735 INFO o.a.j.t.JMeterThread: Thread is done: 高并发订单用户组 1-257
2025-06-21 16:25:48,735 INFO o.a.j.t.JMeterThread: Thread finished: 高并发订单用户组 1-257
2025-06-21 16:25:48,750 INFO o.a.j.t.JMeterThread: Thread started: 高并发订单用户组 1-258
2025-06-21 16:25:48,782 INFO o.a.j.t.JMeterThread: Thread is done: 高并发订单用户组 1-258
2025-06-21 16:25:48,782 INFO o.a.j.t.JMeterThread: Thread finished: 高并发订单用户组 1-258
2025-06-21 16:25:48,815 INFO o.a.j.t.JMeterThread: Thread started: 高并发订单用户组 1-259
2025-06-21 16:25:48,840 INFO o.a.j.t.JMeterThread: Thread is done: 高并发订单用户组 1-259
2025-06-21 16:25:48,840 INFO o.a.j.t.JMeterThread: Thread finished: 高并发订单用户组 1-259
2025-06-21 16:25:48,875 INFO o.a.j.t.JMeterThread: Thread started: 高并发订单用户组 1-260
2025-06-21 16:25:48,905 INFO o.a.j.t.JMeterThread: Thread is done: 高并发订单用户组 1-260
2025-06-21 16:25:48,905 INFO o.a.j.t.JMeterThread: Thread finished: 高并发订单用户组 1-260
2025-06-21 16:25:48,932 INFO o.a.j.t.JMeterThread: Thread started: 高并发订单用户组 1-261
2025-06-21 16:25:48,959 INFO o.a.j.t.JMeterThread: Thread is done: 高并发订单用户组 1-261
2025-06-21 16:25:48,959 INFO o.a.j.t.JMeterThread: Thread finished: 高并发订单用户组 1-261
2025-06-21 16:25:48,993 INFO o.a.j.t.JMeterThread: Thread started: 高并发订单用户组 1-262
2025-06-21 16:25:49,026 INFO o.a.j.t.JMeterThread: Thread is done: 高并发订单用户组 1-262
2025-06-21 16:25:49,026 INFO o.a.j.t.JMeterThread: Thread finished: 高并发订单用户组 1-262
2025-06-21 16:25:49,052 INFO o.a.j.t.JMeterThread: Thread started: 高并发订单用户组 1-263
2025-06-21 16:25:49,079 INFO o.a.j.t.JMeterThread: Thread is done: 高并发订单用户组 1-263
2025-06-21 16:25:49,079 INFO o.a.j.t.JMeterThread: Thread finished: 高并发订单用户组 1-263
2025-06-21 16:25:49,115 INFO o.a.j.t.JMeterThread: Thread started: 高并发订单用户组 1-264
2025-06-21 16:25:49,152 INFO o.a.j.t.JMeterThread: Thread is done: 高并发订单用户组 1-264
2025-06-21 16:25:49,152 INFO o.a.j.t.JMeterThread: Thread finished: 高并发订单用户组 1-264
2025-06-21 16:25:49,174 INFO o.a.j.t.JMeterThread: Thread started: 高并发订单用户组 1-265
2025-06-21 16:25:49,208 INFO o.a.j.t.JMeterThread: Thread is done: 高并发订单用户组 1-265
2025-06-21 16:25:49,208 INFO o.a.j.t.JMeterThread: Thread finished: 高并发订单用户组 1-265
2025-06-21 16:25:49,235 INFO o.a.j.t.JMeterThread: Thread started: 高并发订单用户组 1-266
2025-06-21 16:25:49,263 INFO o.a.j.t.JMeterThread: Thread is done: 高并发订单用户组 1-266
2025-06-21 16:25:49,263 INFO o.a.j.t.JMeterThread: Thread finished: 高并发订单用户组 1-266
2025-06-21 16:25:49,295 INFO o.a.j.t.JMeterThread: Thread started: 高并发订单用户组 1-267
2025-06-21 16:25:49,320 INFO o.a.j.t.JMeterThread: Thread is done: 高并发订单用户组 1-267
2025-06-21 16:25:49,320 INFO o.a.j.t.JMeterThread: Thread finished: 高并发订单用户组 1-267
2025-06-21 16:25:49,350 INFO o.a.j.t.JMeterThread: Thread started: 高并发订单用户组 1-268
2025-06-21 16:25:49,385 INFO o.a.j.t.JMeterThread: Thread is done: 高并发订单用户组 1-268
2025-06-21 16:25:49,385 INFO o.a.j.t.JMeterThread: Thread finished: 高并发订单用户组 1-268
2025-06-21 16:25:49,411 INFO o.a.j.t.JMeterThread: Thread started: 高并发订单用户组 1-269
2025-06-21 16:25:49,438 INFO o.a.j.t.JMeterThread: Thread is done: 高并发订单用户组 1-269
2025-06-21 16:25:49,438 INFO o.a.j.t.JMeterThread: Thread finished: 高并发订单用户组 1-269
2025-06-21 16:25:49,470 INFO o.a.j.t.JMeterThread: Thread started: 高并发订单用户组 1-270
2025-06-21 16:25:49,502 INFO o.a.j.t.JMeterThread: Thread is done: 高并发订单用户组 1-270
2025-06-21 16:25:49,503 INFO o.a.j.t.JMeterThread: Thread finished: 高并发订单用户组 1-270
2025-06-21 16:25:49,535 INFO o.a.j.t.JMeterThread: Thread started: 高并发订单用户组 1-271
2025-06-21 16:25:49,562 INFO o.a.j.t.JMeterThread: Thread is done: 高并发订单用户组 1-271
2025-06-21 16:25:49,562 INFO o.a.j.t.JMeterThread: Thread finished: 高并发订单用户组 1-271
2025-06-21 16:25:49,595 INFO o.a.j.t.JMeterThread: Thread started: 高并发订单用户组 1-272
2025-06-21 16:25:49,620 INFO o.a.j.t.JMeterThread: Thread is done: 高并发订单用户组 1-272
2025-06-21 16:25:49,620 INFO o.a.j.t.JMeterThread: Thread finished: 高并发订单用户组 1-272
2025-06-21 16:25:49,656 INFO o.a.j.t.JMeterThread: Thread started: 高并发订单用户组 1-273
2025-06-21 16:25:49,683 INFO o.a.j.t.JMeterThread: Thread is done: 高并发订单用户组 1-273
2025-06-21 16:25:49,683 INFO o.a.j.t.JMeterThread: Thread finished: 高并发订单用户组 1-273
2025-06-21 16:25:49,716 INFO o.a.j.t.JMeterThread: Thread started: 高并发订单用户组 1-274
2025-06-21 16:25:49,752 INFO o.a.j.t.JMeterThread: Thread is done: 高并发订单用户组 1-274
2025-06-21 16:25:49,752 INFO o.a.j.t.JMeterThread: Thread finished: 高并发订单用户组 1-274
2025-06-21 16:25:49,771 INFO o.a.j.t.JMeterThread: Thread started: 高并发订单用户组 1-275
2025-06-21 16:25:49,801 INFO o.a.j.t.JMeterThread: Thread is done: 高并发订单用户组 1-275
2025-06-21 16:25:49,801 INFO o.a.j.t.JMeterThread: Thread finished: 高并发订单用户组 1-275
2025-06-21 16:25:49,835 INFO o.a.j.t.JMeterThread: Thread started: 高并发订单用户组 1-276
2025-06-21 16:25:49,858 INFO o.a.j.t.JMeterThread: Thread is done: 高并发订单用户组 1-276
2025-06-21 16:25:49,858 INFO o.a.j.t.JMeterThread: Thread finished: 高并发订单用户组 1-276
2025-06-21 16:25:49,893 INFO o.a.j.t.JMeterThread: Thread started: 高并发订单用户组 1-277
2025-06-21 16:25:49,918 INFO o.a.j.t.JMeterThread: Thread is done: 高并发订单用户组 1-277
2025-06-21 16:25:49,918 INFO o.a.j.t.JMeterThread: Thread finished: 高并发订单用户组 1-277
2025-06-21 16:25:49,955 INFO o.a.j.t.JMeterThread: Thread started: 高并发订单用户组 1-278
2025-06-21 16:25:49,985 INFO o.a.j.t.JMeterThread: Thread is done: 高并发订单用户组 1-278
2025-06-21 16:25:49,985 INFO o.a.j.t.JMeterThread: Thread finished: 高并发订单用户组 1-278
2025-06-21 16:25:50,015 INFO o.a.j.t.JMeterThread: Thread started: 高并发订单用户组 1-279
2025-06-21 16:25:50,044 INFO o.a.j.t.JMeterThread: Thread is done: 高并发订单用户组 1-279
2025-06-21 16:25:50,044 INFO o.a.j.t.JMeterThread: Thread finished: 高并发订单用户组 1-279
2025-06-21 16:25:50,075 INFO o.a.j.t.JMeterThread: Thread started: 高并发订单用户组 1-280
2025-06-21 16:25:50,102 INFO o.a.j.t.JMeterThread: Thread is done: 高并发订单用户组 1-280
2025-06-21 16:25:50,102 INFO o.a.j.t.JMeterThread: Thread finished: 高并发订单用户组 1-280
2025-06-21 16:25:50,135 INFO o.a.j.t.JMeterThread: Thread started: 高并发订单用户组 1-281
2025-06-21 16:25:50,167 INFO o.a.j.t.JMeterThread: Thread is done: 高并发订单用户组 1-281
2025-06-21 16:25:50,167 INFO o.a.j.t.JMeterThread: Thread finished: 高并发订单用户组 1-281
2025-06-21 16:25:50,195 INFO o.a.j.t.JMeterThread: Thread started: 高并发订单用户组 1-282
2025-06-21 16:25:50,225 INFO o.a.j.t.JMeterThread: Thread is done: 高并发订单用户组 1-282
2025-06-21 16:25:50,225 INFO o.a.j.t.JMeterThread: Thread finished: 高并发订单用户组 1-282
2025-06-21 16:25:50,253 INFO o.a.j.t.JMeterThread: Thread started: 高并发订单用户组 1-283
2025-06-21 16:25:50,278 INFO o.a.j.t.JMeterThread: Thread is done: 高并发订单用户组 1-283
2025-06-21 16:25:50,278 INFO o.a.j.t.JMeterThread: Thread finished: 高并发订单用户组 1-283
2025-06-21 16:25:50,315 INFO o.a.j.t.JMeterThread: Thread started: 高并发订单用户组 1-284
2025-06-21 16:25:50,341 INFO o.a.j.t.JMeterThread: Thread is done: 高并发订单用户组 1-284
2025-06-21 16:25:50,341 INFO o.a.j.t.JMeterThread: Thread finished: 高并发订单用户组 1-284
2025-06-21 16:25:50,371 INFO o.a.j.t.JMeterThread: Thread started: 高并发订单用户组 1-285
2025-06-21 16:25:50,396 INFO o.a.j.t.JMeterThread: Thread is done: 高并发订单用户组 1-285
2025-06-21 16:25:50,396 INFO o.a.j.t.JMeterThread: Thread finished: 高并发订单用户组 1-285
2025-06-21 16:25:50,435 INFO o.a.j.t.JMeterThread: Thread started: 高并发订单用户组 1-286
2025-06-21 16:25:50,459 INFO o.a.j.t.JMeterThread: Thread is done: 高并发订单用户组 1-286
2025-06-21 16:25:50,459 INFO o.a.j.t.JMeterThread: Thread finished: 高并发订单用户组 1-286
2025-06-21 16:25:50,491 INFO o.a.j.t.JMeterThread: Thread started: 高并发订单用户组 1-287
2025-06-21 16:25:50,527 INFO o.a.j.t.JMeterThread: Thread is done: 高并发订单用户组 1-287
2025-06-21 16:25:50,527 INFO o.a.j.t.JMeterThread: Thread finished: 高并发订单用户组 1-287
2025-06-21 16:25:50,555 INFO o.a.j.t.JMeterThread: Thread started: 高并发订单用户组 1-288
2025-06-21 16:25:50,579 INFO o.a.j.t.JMeterThread: Thread is done: 高并发订单用户组 1-288
2025-06-21 16:25:50,579 INFO o.a.j.t.JMeterThread: Thread finished: 高并发订单用户组 1-288
2025-06-21 16:25:50,615 INFO o.a.j.t.JMeterThread: Thread started: 高并发订单用户组 1-289
2025-06-21 16:25:50,647 INFO o.a.j.t.JMeterThread: Thread is done: 高并发订单用户组 1-289
2025-06-21 16:25:50,647 INFO o.a.j.t.JMeterThread: Thread finished: 高并发订单用户组 1-289
2025-06-21 16:25:50,673 INFO o.a.j.t.JMeterThread: Thread started: 高并发订单用户组 1-290
2025-06-21 16:25:50,731 INFO o.a.j.t.JMeterThread: Thread started: 高并发订单用户组 1-291
2025-06-21 16:25:50,733 INFO o.a.j.t.JMeterThread: Thread is done: 高并发订单用户组 1-290
2025-06-21 16:25:50,733 INFO o.a.j.t.JMeterThread: Thread finished: 高并发订单用户组 1-290
2025-06-21 16:25:50,761 INFO o.a.j.t.JMeterThread: Thread is done: 高并发订单用户组 1-291
2025-06-21 16:25:50,761 INFO o.a.j.t.JMeterThread: Thread finished: 高并发订单用户组 1-291
2025-06-21 16:25:50,792 INFO o.a.j.t.JMeterThread: Thread started: 高并发订单用户组 1-292
2025-06-21 16:25:50,829 INFO o.a.j.t.JMeterThread: Thread is done: 高并发订单用户组 1-292
2025-06-21 16:25:50,829 INFO o.a.j.t.JMeterThread: Thread finished: 高并发订单用户组 1-292
2025-06-21 16:25:50,855 INFO o.a.j.t.JMeterThread: Thread started: 高并发订单用户组 1-293
2025-06-21 16:25:50,899 INFO o.a.j.t.JMeterThread: Thread is done: 高并发订单用户组 1-293
2025-06-21 16:25:50,899 INFO o.a.j.t.JMeterThread: Thread finished: 高并发订单用户组 1-293
2025-06-21 16:25:50,915 INFO o.a.j.t.JMeterThread: Thread started: 高并发订单用户组 1-294
2025-06-21 16:25:50,951 INFO o.a.j.t.JMeterThread: Thread is done: 高并发订单用户组 1-294
2025-06-21 16:25:50,951 INFO o.a.j.t.JMeterThread: Thread finished: 高并发订单用户组 1-294
2025-06-21 16:25:50,971 INFO o.a.j.t.JMeterThread: Thread started: 高并发订单用户组 1-295
2025-06-21 16:25:51,027 INFO o.a.j.t.JMeterThread: Thread is done: 高并发订单用户组 1-295
2025-06-21 16:25:51,027 INFO o.a.j.t.JMeterThread: Thread finished: 高并发订单用户组 1-295
2025-06-21 16:25:51,031 INFO o.a.j.t.JMeterThread: Thread started: 高并发订单用户组 1-296
2025-06-21 16:25:51,066 INFO o.a.j.t.JMeterThread: Thread is done: 高并发订单用户组 1-296
2025-06-21 16:25:51,066 INFO o.a.j.t.JMeterThread: Thread finished: 高并发订单用户组 1-296
2025-06-21 16:25:51,091 INFO o.a.j.t.JMeterThread: Thread started: 高并发订单用户组 1-297
2025-06-21 16:25:51,120 INFO o.a.j.t.JMeterThread: Thread is done: 高并发订单用户组 1-297
2025-06-21 16:25:51,120 INFO o.a.j.t.JMeterThread: Thread finished: 高并发订单用户组 1-297
2025-06-21 16:25:51,150 INFO o.a.j.t.JMeterThread: Thread started: 高并发订单用户组 1-298
2025-06-21 16:25:51,178 INFO o.a.j.t.JMeterThread: Thread is done: 高并发订单用户组 1-298
2025-06-21 16:25:51,178 INFO o.a.j.t.JMeterThread: Thread finished: 高并发订单用户组 1-298
2025-06-21 16:25:51,215 INFO o.a.j.t.JMeterThread: Thread started: 高并发订单用户组 1-299
2025-06-21 16:25:51,250 INFO o.a.j.t.JMeterThread: Thread is done: 高并发订单用户组 1-299
2025-06-21 16:25:51,250 INFO o.a.j.t.JMeterThread: Thread finished: 高并发订单用户组 1-299
2025-06-21 16:25:51,271 INFO o.a.j.t.JMeterThread: Thread started: 高并发订单用户组 1-300
2025-06-21 16:25:51,301 INFO o.a.j.t.JMeterThread: Thread is done: 高并发订单用户组 1-300
2025-06-21 16:25:51,301 INFO o.a.j.t.JMeterThread: Thread finished: 高并发订单用户组 1-300
2025-06-21 16:25:51,335 INFO o.a.j.t.JMeterThread: Thread started: 高并发订单用户组 1-301
2025-06-21 16:25:51,375 INFO o.a.j.t.JMeterThread: Thread is done: 高并发订单用户组 1-301
2025-06-21 16:25:51,375 INFO o.a.j.t.JMeterThread: Thread finished: 高并发订单用户组 1-301
2025-06-21 16:25:51,395 INFO o.a.j.t.JMeterThread: Thread started: 高并发订单用户组 1-302
2025-06-21 16:25:51,418 INFO o.a.j.t.JMeterThread: Thread is done: 高并发订单用户组 1-302
2025-06-21 16:25:51,418 INFO o.a.j.t.JMeterThread: Thread finished: 高并发订单用户组 1-302
2025-06-21 16:25:51,455 INFO o.a.j.t.JMeterThread: Thread started: 高并发订单用户组 1-303
2025-06-21 16:25:51,485 INFO o.a.j.t.JMeterThread: Thread is done: 高并发订单用户组 1-303
2025-06-21 16:25:51,485 INFO o.a.j.t.JMeterThread: Thread finished: 高并发订单用户组 1-303
2025-06-21 16:25:51,510 INFO o.a.j.t.JMeterThread: Thread started: 高并发订单用户组 1-304
2025-06-21 16:25:51,538 INFO o.a.j.t.JMeterThread: Thread is done: 高并发订单用户组 1-304
2025-06-21 16:25:51,538 INFO o.a.j.t.JMeterThread: Thread finished: 高并发订单用户组 1-304
2025-06-21 16:25:51,575 INFO o.a.j.t.JMeterThread: Thread started: 高并发订单用户组 1-305
2025-06-21 16:25:51,606 INFO o.a.j.t.JMeterThread: Thread is done: 高并发订单用户组 1-305
2025-06-21 16:25:51,606 INFO o.a.j.t.JMeterThread: Thread finished: 高并发订单用户组 1-305
2025-06-21 16:25:51,630 INFO o.a.j.t.JMeterThread: Thread started: 高并发订单用户组 1-306
2025-06-21 16:25:51,659 INFO o.a.j.t.JMeterThread: Thread is done: 高并发订单用户组 1-306
2025-06-21 16:25:51,659 INFO o.a.j.t.JMeterThread: Thread finished: 高并发订单用户组 1-306
2025-06-21 16:25:51,693 INFO o.a.j.t.JMeterThread: Thread started: 高并发订单用户组 1-307
2025-06-21 16:25:51,742 INFO o.a.j.t.JMeterThread: Thread is done: 高并发订单用户组 1-307
2025-06-21 16:25:51,742 INFO o.a.j.t.JMeterThread: Thread finished: 高并发订单用户组 1-307
2025-06-21 16:25:51,751 INFO o.a.j.t.JMeterThread: Thread started: 高并发订单用户组 1-308
2025-06-21 16:25:51,805 INFO o.a.j.t.JMeterThread: Thread is done: 高并发订单用户组 1-308
2025-06-21 16:25:51,806 INFO o.a.j.t.JMeterThread: Thread finished: 高并发订单用户组 1-308
2025-06-21 16:25:51,813 INFO o.a.j.t.JMeterThread: Thread started: 高并发订单用户组 1-309
2025-06-21 16:25:51,838 INFO o.a.j.t.JMeterThread: Thread is done: 高并发订单用户组 1-309
2025-06-21 16:25:51,838 INFO o.a.j.t.JMeterThread: Thread finished: 高并发订单用户组 1-309
2025-06-21 16:25:51,873 INFO o.a.j.t.JMeterThread: Thread started: 高并发订单用户组 1-310
2025-06-21 16:25:51,916 INFO o.a.j.t.JMeterThread: Thread is done: 高并发订单用户组 1-310
2025-06-21 16:25:51,916 INFO o.a.j.t.JMeterThread: Thread finished: 高并发订单用户组 1-310
2025-06-21 16:25:51,932 INFO o.a.j.t.JMeterThread: Thread started: 高并发订单用户组 1-311
2025-06-21 16:25:51,958 INFO o.a.j.t.JMeterThread: Thread is done: 高并发订单用户组 1-311
2025-06-21 16:25:51,958 INFO o.a.j.t.JMeterThread: Thread finished: 高并发订单用户组 1-311
2025-06-21 16:25:51,995 INFO o.a.j.t.JMeterThread: Thread started: 高并发订单用户组 1-312
2025-06-21 16:25:52,031 INFO o.a.j.t.JMeterThread: Thread is done: 高并发订单用户组 1-312
2025-06-21 16:25:52,031 INFO o.a.j.t.JMeterThread: Thread finished: 高并发订单用户组 1-312
2025-06-21 16:25:52,056 INFO o.a.j.t.JMeterThread: Thread started: 高并发订单用户组 1-313
2025-06-21 16:25:52,078 INFO o.a.j.t.JMeterThread: Thread is done: 高并发订单用户组 1-313
2025-06-21 16:25:52,078 INFO o.a.j.t.JMeterThread: Thread finished: 高并发订单用户组 1-313
2025-06-21 16:25:52,115 INFO o.a.j.t.JMeterThread: Thread started: 高并发订单用户组 1-314
2025-06-21 16:25:52,143 INFO o.a.j.t.JMeterThread: Thread is done: 高并发订单用户组 1-314
2025-06-21 16:25:52,143 INFO o.a.j.t.JMeterThread: Thread finished: 高并发订单用户组 1-314
2025-06-21 16:25:52,174 INFO o.a.j.t.JMeterThread: Thread started: 高并发订单用户组 1-315
2025-06-21 16:25:52,211 INFO o.a.j.t.JMeterThread: Thread is done: 高并发订单用户组 1-315
2025-06-21 16:25:52,211 INFO o.a.j.t.JMeterThread: Thread finished: 高并发订单用户组 1-315
2025-06-21 16:25:52,234 INFO o.a.j.t.JMeterThread: Thread started: 高并发订单用户组 1-316
2025-06-21 16:25:52,269 INFO o.a.j.t.JMeterThread: Thread is done: 高并发订单用户组 1-316
2025-06-21 16:25:52,269 INFO o.a.j.t.JMeterThread: Thread finished: 高并发订单用户组 1-316
2025-06-21 16:25:52,295 INFO o.a.j.t.JMeterThread: Thread started: 高并发订单用户组 1-317
2025-06-21 16:25:52,319 INFO o.a.j.t.JMeterThread: Thread is done: 高并发订单用户组 1-317
2025-06-21 16:25:52,319 INFO o.a.j.t.JMeterThread: Thread finished: 高并发订单用户组 1-317
2025-06-21 16:25:52,355 INFO o.a.j.t.JMeterThread: Thread started: 高并发订单用户组 1-318
2025-06-21 16:25:52,388 INFO o.a.j.t.JMeterThread: Thread is done: 高并发订单用户组 1-318
2025-06-21 16:25:52,388 INFO o.a.j.t.JMeterThread: Thread finished: 高并发订单用户组 1-318
2025-06-21 16:25:52,415 INFO o.a.j.t.JMeterThread: Thread started: 高并发订单用户组 1-319
2025-06-21 16:25:52,443 INFO o.a.j.t.JMeterThread: Thread is done: 高并发订单用户组 1-319
2025-06-21 16:25:52,443 INFO o.a.j.t.JMeterThread: Thread finished: 高并发订单用户组 1-319
2025-06-21 16:25:52,471 INFO o.a.j.t.JMeterThread: Thread started: 高并发订单用户组 1-320
2025-06-21 16:25:52,511 INFO o.a.j.t.JMeterThread: Thread is done: 高并发订单用户组 1-320
2025-06-21 16:25:52,511 INFO o.a.j.t.JMeterThread: Thread finished: 高并发订单用户组 1-320
2025-06-21 16:25:52,535 INFO o.a.j.t.JMeterThread: Thread started: 高并发订单用户组 1-321
2025-06-21 16:25:52,561 INFO o.a.j.t.JMeterThread: Thread is done: 高并发订单用户组 1-321
2025-06-21 16:25:52,561 INFO o.a.j.t.JMeterThread: Thread finished: 高并发订单用户组 1-321
2025-06-21 16:25:52,595 INFO o.a.j.t.JMeterThread: Thread started: 高并发订单用户组 1-322
2025-06-21 16:25:52,619 INFO o.a.j.t.JMeterThread: Thread is done: 高并发订单用户组 1-322
2025-06-21 16:25:52,619 INFO o.a.j.t.JMeterThread: Thread finished: 高并发订单用户组 1-322
2025-06-21 16:25:52,651 INFO o.a.j.t.JMeterThread: Thread started: 高并发订单用户组 1-323
2025-06-21 16:25:52,682 INFO o.a.j.t.JMeterThread: Thread is done: 高并发订单用户组 1-323
2025-06-21 16:25:52,682 INFO o.a.j.t.JMeterThread: Thread finished: 高并发订单用户组 1-323
2025-06-21 16:25:52,714 INFO o.a.j.t.JMeterThread: Thread started: 高并发订单用户组 1-324
2025-06-21 16:25:52,748 INFO o.a.j.t.JMeterThread: Thread is done: 高并发订单用户组 1-324
2025-06-21 16:25:52,748 INFO o.a.j.t.JMeterThread: Thread finished: 高并发订单用户组 1-324
2025-06-21 16:25:52,771 INFO o.a.j.t.JMeterThread: Thread started: 高并发订单用户组 1-325
2025-06-21 16:25:52,803 INFO o.a.j.t.JMeterThread: Thread is done: 高并发订单用户组 1-325
2025-06-21 16:25:52,803 INFO o.a.j.t.JMeterThread: Thread finished: 高并发订单用户组 1-325
2025-06-21 16:25:52,832 INFO o.a.j.t.JMeterThread: Thread started: 高并发订单用户组 1-326
2025-06-21 16:25:52,857 INFO o.a.j.t.JMeterThread: Thread is done: 高并发订单用户组 1-326
2025-06-21 16:25:52,857 INFO o.a.j.t.JMeterThread: Thread finished: 高并发订单用户组 1-326
2025-06-21 16:25:52,895 INFO o.a.j.t.JMeterThread: Thread started: 高并发订单用户组 1-327
2025-06-21 16:25:52,920 INFO o.a.j.t.JMeterThread: Thread is done: 高并发订单用户组 1-327
2025-06-21 16:25:52,920 INFO o.a.j.t.JMeterThread: Thread finished: 高并发订单用户组 1-327
2025-06-21 16:25:52,955 INFO o.a.j.t.JMeterThread: Thread started: 高并发订单用户组 1-328
2025-06-21 16:25:52,988 INFO o.a.j.t.JMeterThread: Thread is done: 高并发订单用户组 1-328
2025-06-21 16:25:52,988 INFO o.a.j.t.JMeterThread: Thread finished: 高并发订单用户组 1-328
2025-06-21 16:25:53,011 INFO o.a.j.t.JMeterThread: Thread started: 高并发订单用户组 1-329
2025-06-21 16:25:53,044 INFO o.a.j.t.JMeterThread: Thread is done: 高并发订单用户组 1-329
2025-06-21 16:25:53,044 INFO o.a.j.t.JMeterThread: Thread finished: 高并发订单用户组 1-329
2025-06-21 16:25:53,072 INFO o.a.j.t.JMeterThread: Thread started: 高并发订单用户组 1-330
2025-06-21 16:25:53,102 INFO o.a.j.t.JMeterThread: Thread is done: 高并发订单用户组 1-330
2025-06-21 16:25:53,102 INFO o.a.j.t.JMeterThread: Thread finished: 高并发订单用户组 1-330
2025-06-21 16:25:53,132 INFO o.a.j.t.JMeterThread: Thread started: 高并发订单用户组 1-331
2025-06-21 16:25:53,156 INFO o.a.j.t.JMeterThread: Thread is done: 高并发订单用户组 1-331
2025-06-21 16:25:53,156 INFO o.a.j.t.JMeterThread: Thread finished: 高并发订单用户组 1-331
2025-06-21 16:25:53,193 INFO o.a.j.t.JMeterThread: Thread started: 高并发订单用户组 1-332
2025-06-21 16:25:53,223 INFO o.a.j.t.JMeterThread: Thread is done: 高并发订单用户组 1-332
2025-06-21 16:25:53,223 INFO o.a.j.t.JMeterThread: Thread finished: 高并发订单用户组 1-332
2025-06-21 16:25:53,255 INFO o.a.j.t.JMeterThread: Thread started: 高并发订单用户组 1-333
2025-06-21 16:25:53,284 INFO o.a.j.t.JMeterThread: Thread is done: 高并发订单用户组 1-333
2025-06-21 16:25:53,284 INFO o.a.j.t.JMeterThread: Thread finished: 高并发订单用户组 1-333
2025-06-21 16:25:53,315 INFO o.a.j.t.JMeterThread: Thread started: 高并发订单用户组 1-334
2025-06-21 16:25:53,340 INFO o.a.j.t.JMeterThread: Thread is done: 高并发订单用户组 1-334
2025-06-21 16:25:53,340 INFO o.a.j.t.JMeterThread: Thread finished: 高并发订单用户组 1-334
2025-06-21 16:25:53,372 INFO o.a.j.t.JMeterThread: Thread started: 高并发订单用户组 1-335
2025-06-21 16:25:53,399 INFO o.a.j.t.JMeterThread: Thread is done: 高并发订单用户组 1-335
2025-06-21 16:25:53,399 INFO o.a.j.t.JMeterThread: Thread finished: 高并发订单用户组 1-335
2025-06-21 16:25:53,435 INFO o.a.j.t.JMeterThread: Thread started: 高并发订单用户组 1-336
2025-06-21 16:25:53,461 INFO o.a.j.t.JMeterThread: Thread is done: 高并发订单用户组 1-336
2025-06-21 16:25:53,461 INFO o.a.j.t.JMeterThread: Thread finished: 高并发订单用户组 1-336
2025-06-21 16:25:53,493 INFO o.a.j.t.JMeterThread: Thread started: 高并发订单用户组 1-337
2025-06-21 16:25:53,528 INFO o.a.j.t.JMeterThread: Thread is done: 高并发订单用户组 1-337
2025-06-21 16:25:53,528 INFO o.a.j.t.JMeterThread: Thread finished: 高并发订单用户组 1-337
2025-06-21 16:25:53,555 INFO o.a.j.t.JMeterThread: Thread started: 高并发订单用户组 1-338
2025-06-21 16:25:53,579 INFO o.a.j.t.JMeterThread: Thread is done: 高并发订单用户组 1-338
2025-06-21 16:25:53,579 INFO o.a.j.t.JMeterThread: Thread finished: 高并发订单用户组 1-338
2025-06-21 16:25:53,615 INFO o.a.j.t.JMeterThread: Thread started: 高并发订单用户组 1-339
2025-06-21 16:25:53,648 INFO o.a.j.t.JMeterThread: Thread is done: 高并发订单用户组 1-339
2025-06-21 16:25:53,648 INFO o.a.j.t.JMeterThread: Thread finished: 高并发订单用户组 1-339
2025-06-21 16:25:53,673 INFO o.a.j.t.JMeterThread: Thread started: 高并发订单用户组 1-340
2025-06-21 16:25:53,709 INFO o.a.j.t.JMeterThread: Thread is done: 高并发订单用户组 1-340
2025-06-21 16:25:53,709 INFO o.a.j.t.JMeterThread: Thread finished: 高并发订单用户组 1-340
2025-06-21 16:25:53,734 INFO o.a.j.t.JMeterThread: Thread started: 高并发订单用户组 1-341
2025-06-21 16:25:53,758 INFO o.a.j.t.JMeterThread: Thread is done: 高并发订单用户组 1-341
2025-06-21 16:25:53,758 INFO o.a.j.t.JMeterThread: Thread finished: 高并发订单用户组 1-341
2025-06-21 16:25:53,795 INFO o.a.j.t.JMeterThread: Thread started: 高并发订单用户组 1-342
2025-06-21 16:25:53,819 INFO o.a.j.t.JMeterThread: Thread is done: 高并发订单用户组 1-342
2025-06-21 16:25:53,819 INFO o.a.j.t.JMeterThread: Thread finished: 高并发订单用户组 1-342
2025-06-21 16:25:53,852 INFO o.a.j.t.JMeterThread: Thread started: 高并发订单用户组 1-343
2025-06-21 16:25:53,891 INFO o.a.j.t.JMeterThread: Thread is done: 高并发订单用户组 1-343
2025-06-21 16:25:53,891 INFO o.a.j.t.JMeterThread: Thread finished: 高并发订单用户组 1-343
2025-06-21 16:25:53,911 INFO o.a.j.t.JMeterThread: Thread started: 高并发订单用户组 1-344
2025-06-21 16:25:53,946 INFO o.a.j.t.JMeterThread: Thread is done: 高并发订单用户组 1-344
2025-06-21 16:25:53,946 INFO o.a.j.t.JMeterThread: Thread finished: 高并发订单用户组 1-344
2025-06-21 16:25:53,975 INFO o.a.j.t.JMeterThread: Thread started: 高并发订单用户组 1-345
2025-06-21 16:25:54,007 INFO o.a.j.t.JMeterThread: Thread is done: 高并发订单用户组 1-345
2025-06-21 16:25:54,008 INFO o.a.j.t.JMeterThread: Thread finished: 高并发订单用户组 1-345
2025-06-21 16:25:54,031 INFO o.a.j.t.JMeterThread: Thread started: 高并发订单用户组 1-346
2025-06-21 16:25:54,061 INFO o.a.j.t.JMeterThread: Thread is done: 高并发订单用户组 1-346
2025-06-21 16:25:54,061 INFO o.a.j.t.JMeterThread: Thread finished: 高并发订单用户组 1-346
2025-06-21 16:25:54,093 INFO o.a.j.t.JMeterThread: Thread started: 高并发订单用户组 1-347
2025-06-21 16:25:54,119 INFO o.a.j.t.JMeterThread: Thread is done: 高并发订单用户组 1-347
2025-06-21 16:25:54,119 INFO o.a.j.t.JMeterThread: Thread finished: 高并发订单用户组 1-347
2025-06-21 16:25:54,153 INFO o.a.j.t.JMeterThread: Thread started: 高并发订单用户组 1-348
2025-06-21 16:25:54,183 INFO o.a.j.t.JMeterThread: Thread is done: 高并发订单用户组 1-348
2025-06-21 16:25:54,183 INFO o.a.j.t.JMeterThread: Thread finished: 高并发订单用户组 1-348
2025-06-21 16:25:54,215 INFO o.a.j.t.JMeterThread: Thread started: 高并发订单用户组 1-349
2025-06-21 16:25:54,245 INFO o.a.j.t.JMeterThread: Thread is done: 高并发订单用户组 1-349
2025-06-21 16:25:54,246 INFO o.a.j.t.JMeterThread: Thread finished: 高并发订单用户组 1-349
2025-06-21 16:25:54,275 INFO o.a.j.t.JMeterThread: Thread started: 高并发订单用户组 1-350
2025-06-21 16:25:54,303 INFO o.a.j.t.JMeterThread: Thread is done: 高并发订单用户组 1-350
2025-06-21 16:25:54,303 INFO o.a.j.t.JMeterThread: Thread finished: 高并发订单用户组 1-350
2025-06-21 16:25:54,335 INFO o.a.j.t.JMeterThread: Thread started: 高并发订单用户组 1-351
2025-06-21 16:25:54,365 INFO o.a.j.t.JMeterThread: Thread is done: 高并发订单用户组 1-351
2025-06-21 16:25:54,365 INFO o.a.j.t.JMeterThread: Thread finished: 高并发订单用户组 1-351
2025-06-21 16:25:54,394 INFO o.a.j.t.JMeterThread: Thread started: 高并发订单用户组 1-352
2025-06-21 16:25:54,417 INFO o.a.j.t.JMeterThread: Thread is done: 高并发订单用户组 1-352
2025-06-21 16:25:54,417 INFO o.a.j.t.JMeterThread: Thread finished: 高并发订单用户组 1-352
2025-06-21 16:25:54,451 INFO o.a.j.t.JMeterThread: Thread started: 高并发订单用户组 1-353
2025-06-21 16:25:54,479 INFO o.a.j.t.JMeterThread: Thread is done: 高并发订单用户组 1-353
2025-06-21 16:25:54,479 INFO o.a.j.t.JMeterThread: Thread finished: 高并发订单用户组 1-353
2025-06-21 16:25:54,512 INFO o.a.j.t.JMeterThread: Thread started: 高并发订单用户组 1-354
2025-06-21 16:25:54,541 INFO o.a.j.t.JMeterThread: Thread is done: 高并发订单用户组 1-354
2025-06-21 16:25:54,541 INFO o.a.j.t.JMeterThread: Thread finished: 高并发订单用户组 1-354
2025-06-21 16:25:54,575 INFO o.a.j.t.JMeterThread: Thread started: 高并发订单用户组 1-355
2025-06-21 16:25:54,606 INFO o.a.j.t.JMeterThread: Thread is done: 高并发订单用户组 1-355
2025-06-21 16:25:54,606 INFO o.a.j.t.JMeterThread: Thread finished: 高并发订单用户组 1-355
2025-06-21 16:25:54,635 INFO o.a.j.t.JMeterThread: Thread started: 高并发订单用户组 1-356
2025-06-21 16:25:54,669 INFO o.a.j.t.JMeterThread: Thread is done: 高并发订单用户组 1-356
2025-06-21 16:25:54,669 INFO o.a.j.t.JMeterThread: Thread finished: 高并发订单用户组 1-356
2025-06-21 16:25:54,693 INFO o.a.j.t.JMeterThread: Thread started: 高并发订单用户组 1-357
2025-06-21 16:25:54,740 INFO o.a.j.t.JMeterThread: Thread is done: 高并发订单用户组 1-357
2025-06-21 16:25:54,740 INFO o.a.j.t.JMeterThread: Thread finished: 高并发订单用户组 1-357
2025-06-21 16:25:54,756 INFO o.a.j.t.JMeterThread: Thread started: 高并发订单用户组 1-358
2025-06-21 16:25:54,789 INFO o.a.j.t.JMeterThread: Thread is done: 高并发订单用户组 1-358
2025-06-21 16:25:54,789 INFO o.a.j.t.JMeterThread: Thread finished: 高并发订单用户组 1-358
2025-06-21 16:25:54,815 INFO o.a.j.t.JMeterThread: Thread started: 高并发订单用户组 1-359
2025-06-21 16:25:54,841 INFO o.a.j.t.JMeterThread: Thread is done: 高并发订单用户组 1-359
2025-06-21 16:25:54,841 INFO o.a.j.t.JMeterThread: Thread finished: 高并发订单用户组 1-359
2025-06-21 16:25:54,873 INFO o.a.j.t.JMeterThread: Thread started: 高并发订单用户组 1-360
2025-06-21 16:25:54,903 INFO o.a.j.t.JMeterThread: Thread is done: 高并发订单用户组 1-360
2025-06-21 16:25:54,903 INFO o.a.j.t.JMeterThread: Thread finished: 高并发订单用户组 1-360
2025-06-21 16:25:54,934 INFO o.a.j.t.JMeterThread: Thread started: 高并发订单用户组 1-361
2025-06-21 16:25:54,964 INFO o.a.j.t.JMeterThread: Thread is done: 高并发订单用户组 1-361
2025-06-21 16:25:54,964 INFO o.a.j.t.JMeterThread: Thread finished: 高并发订单用户组 1-361
2025-06-21 16:25:54,995 INFO o.a.j.t.JMeterThread: Thread started: 高并发订单用户组 1-362
2025-06-21 16:25:55,028 INFO o.a.j.t.JMeterThread: Thread is done: 高并发订单用户组 1-362
2025-06-21 16:25:55,028 INFO o.a.j.t.JMeterThread: Thread finished: 高并发订单用户组 1-362
2025-06-21 16:25:55,056 INFO o.a.j.t.JMeterThread: Thread started: 高并发订单用户组 1-363
2025-06-21 16:25:55,079 INFO o.a.j.t.JMeterThread: Thread is done: 高并发订单用户组 1-363
2025-06-21 16:25:55,079 INFO o.a.j.t.JMeterThread: Thread finished: 高并发订单用户组 1-363
2025-06-21 16:25:55,116 INFO o.a.j.t.JMeterThread: Thread started: 高并发订单用户组 1-364
2025-06-21 16:25:55,141 INFO o.a.j.t.JMeterThread: Thread is done: 高并发订单用户组 1-364
2025-06-21 16:25:55,141 INFO o.a.j.t.JMeterThread: Thread finished: 高并发订单用户组 1-364
2025-06-21 16:25:55,172 INFO o.a.j.t.JMeterThread: Thread started: 高并发订单用户组 1-365
2025-06-21 16:25:55,210 INFO o.a.j.t.JMeterThread: Thread is done: 高并发订单用户组 1-365
2025-06-21 16:25:55,210 INFO o.a.j.t.JMeterThread: Thread finished: 高并发订单用户组 1-365
2025-06-21 16:25:55,231 INFO o.a.j.t.JMeterThread: Thread started: 高并发订单用户组 1-366
2025-06-21 16:25:55,261 INFO o.a.j.t.JMeterThread: Thread is done: 高并发订单用户组 1-366
2025-06-21 16:25:55,261 INFO o.a.j.t.JMeterThread: Thread finished: 高并发订单用户组 1-366
2025-06-21 16:25:55,295 INFO o.a.j.t.JMeterThread: Thread started: 高并发订单用户组 1-367
2025-06-21 16:25:55,320 INFO o.a.j.t.JMeterThread: Thread is done: 高并发订单用户组 1-367
2025-06-21 16:25:55,320 INFO o.a.j.t.JMeterThread: Thread finished: 高并发订单用户组 1-367
2025-06-21 16:25:55,353 INFO o.a.j.t.JMeterThread: Thread started: 高并发订单用户组 1-368
2025-06-21 16:25:55,385 INFO o.a.j.t.JMeterThread: Thread is done: 高并发订单用户组 1-368
2025-06-21 16:25:55,385 INFO o.a.j.t.JMeterThread: Thread finished: 高并发订单用户组 1-368
2025-06-21 16:25:55,414 INFO o.a.j.t.JMeterThread: Thread started: 高并发订单用户组 1-369
2025-06-21 16:25:55,441 INFO o.a.j.t.JMeterThread: Thread is done: 高并发订单用户组 1-369
2025-06-21 16:25:55,441 INFO o.a.j.t.JMeterThread: Thread finished: 高并发订单用户组 1-369
2025-06-21 16:25:55,472 INFO o.a.j.t.JMeterThread: Thread started: 高并发订单用户组 1-370
2025-06-21 16:25:55,504 INFO o.a.j.t.JMeterThread: Thread is done: 高并发订单用户组 1-370
2025-06-21 16:25:55,504 INFO o.a.j.t.JMeterThread: Thread finished: 高并发订单用户组 1-370
2025-06-21 16:25:55,534 INFO o.a.j.t.JMeterThread: Thread started: 高并发订单用户组 1-371
2025-06-21 16:25:55,559 INFO o.a.j.t.JMeterThread: Thread is done: 高并发订单用户组 1-371
2025-06-21 16:25:55,559 INFO o.a.j.t.JMeterThread: Thread finished: 高并发订单用户组 1-371
2025-06-21 16:25:55,595 INFO o.a.j.t.JMeterThread: Thread started: 高并发订单用户组 1-372
2025-06-21 16:25:55,620 INFO o.a.j.t.JMeterThread: Thread is done: 高并发订单用户组 1-372
2025-06-21 16:25:55,620 INFO o.a.j.t.JMeterThread: Thread finished: 高并发订单用户组 1-372
2025-06-21 16:25:55,654 INFO o.a.j.t.JMeterThread: Thread started: 高并发订单用户组 1-373
2025-06-21 16:25:55,680 INFO o.a.j.t.JMeterThread: Thread is done: 高并发订单用户组 1-373
2025-06-21 16:25:55,680 INFO o.a.j.t.JMeterThread: Thread finished: 高并发订单用户组 1-373
2025-06-21 16:25:55,715 INFO o.a.j.t.JMeterThread: Thread started: 高并发订单用户组 1-374
2025-06-21 16:25:55,752 INFO o.a.j.t.JMeterThread: Thread is done: 高并发订单用户组 1-374
2025-06-21 16:25:55,752 INFO o.a.j.t.JMeterThread: Thread finished: 高并发订单用户组 1-374
2025-06-21 16:25:55,775 INFO o.a.j.t.JMeterThread: Thread started: 高并发订单用户组 1-375
2025-06-21 16:25:55,806 INFO o.a.j.t.JMeterThread: Thread is done: 高并发订单用户组 1-375
2025-06-21 16:25:55,807 INFO o.a.j.t.JMeterThread: Thread finished: 高并发订单用户组 1-375
2025-06-21 16:25:55,835 INFO o.a.j.t.JMeterThread: Thread started: 高并发订单用户组 1-376
2025-06-21 16:25:55,858 INFO o.a.j.t.JMeterThread: Thread is done: 高并发订单用户组 1-376
2025-06-21 16:25:55,858 INFO o.a.j.t.JMeterThread: Thread finished: 高并发订单用户组 1-376
2025-06-21 16:25:55,890 INFO o.a.j.t.JMeterThread: Thread started: 高并发订单用户组 1-377
2025-06-21 16:25:55,952 INFO o.a.j.t.JMeterThread: Thread started: 高并发订单用户组 1-378
2025-06-21 16:25:56,015 INFO o.a.j.t.JMeterThread: Thread started: 高并发订单用户组 1-379
2025-06-21 16:25:56,073 INFO o.a.j.t.JMeterThread: Thread started: 高并发订单用户组 1-380
2025-06-21 16:25:56,101 INFO o.a.j.t.JMeterThread: Thread is done: 高并发订单用户组 1-378
2025-06-21 16:25:56,101 INFO o.a.j.t.JMeterThread: Thread finished: 高并发订单用户组 1-378
2025-06-21 16:25:56,102 INFO o.a.j.t.JMeterThread: Thread is done: 高并发订单用户组 1-377
2025-06-21 16:25:56,102 INFO o.a.j.t.JMeterThread: Thread finished: 高并发订单用户组 1-377
2025-06-21 16:25:56,105 INFO o.a.j.t.JMeterThread: Thread is done: 高并发订单用户组 1-379
2025-06-21 16:25:56,105 INFO o.a.j.t.JMeterThread: Thread finished: 高并发订单用户组 1-379
2025-06-21 16:25:56,113 INFO o.a.j.t.JMeterThread: Thread is done: 高并发订单用户组 1-380
2025-06-21 16:25:56,113 INFO o.a.j.t.JMeterThread: Thread finished: 高并发订单用户组 1-380
2025-06-21 16:25:56,131 INFO o.a.j.t.JMeterThread: Thread started: 高并发订单用户组 1-381
2025-06-21 16:25:56,155 INFO o.a.j.t.JMeterThread: Thread is done: 高并发订单用户组 1-381
2025-06-21 16:25:56,155 INFO o.a.j.t.JMeterThread: Thread finished: 高并发订单用户组 1-381
2025-06-21 16:25:56,195 INFO o.a.j.t.JMeterThread: Thread started: 高并发订单用户组 1-382
2025-06-21 16:25:56,230 INFO o.a.j.t.JMeterThread: Thread is done: 高并发订单用户组 1-382
2025-06-21 16:25:56,230 INFO o.a.j.t.JMeterThread: Thread finished: 高并发订单用户组 1-382
2025-06-21 16:25:56,253 INFO o.a.j.t.JMeterThread: Thread started: 高并发订单用户组 1-383
2025-06-21 16:25:56,277 INFO o.a.j.t.JMeterThread: Thread is done: 高并发订单用户组 1-383
2025-06-21 16:25:56,277 INFO o.a.j.t.JMeterThread: Thread finished: 高并发订单用户组 1-383
2025-06-21 16:25:56,315 INFO o.a.j.t.JMeterThread: Thread started: 高并发订单用户组 1-384
2025-06-21 16:25:56,364 INFO o.a.j.t.JMeterThread: Thread is done: 高并发订单用户组 1-384
2025-06-21 16:25:56,364 INFO o.a.j.t.JMeterThread: Thread finished: 高并发订单用户组 1-384
2025-06-21 16:25:56,371 INFO o.a.j.t.JMeterThread: Thread started: 高并发订单用户组 1-385
2025-06-21 16:25:56,397 INFO o.a.j.t.JMeterThread: Thread is done: 高并发订单用户组 1-385
2025-06-21 16:25:56,397 INFO o.a.j.t.JMeterThread: Thread finished: 高并发订单用户组 1-385
2025-06-21 16:25:56,432 INFO o.a.j.t.JMeterThread: Thread started: 高并发订单用户组 1-386
2025-06-21 16:25:56,456 INFO o.a.j.t.JMeterThread: Thread is done: 高并发订单用户组 1-386
2025-06-21 16:25:56,456 INFO o.a.j.t.JMeterThread: Thread finished: 高并发订单用户组 1-386
2025-06-21 16:25:56,491 INFO o.a.j.t.JMeterThread: Thread started: 高并发订单用户组 1-387
2025-06-21 16:25:56,530 INFO o.a.j.t.JMeterThread: Thread is done: 高并发订单用户组 1-387
2025-06-21 16:25:56,530 INFO o.a.j.t.JMeterThread: Thread finished: 高并发订单用户组 1-387
2025-06-21 16:25:56,556 INFO o.a.j.t.JMeterThread: Thread started: 高并发订单用户组 1-388
2025-06-21 16:25:56,580 INFO o.a.j.t.JMeterThread: Thread is done: 高并发订单用户组 1-388
2025-06-21 16:25:56,580 INFO o.a.j.t.JMeterThread: Thread finished: 高并发订单用户组 1-388
2025-06-21 16:25:56,615 INFO o.a.j.t.JMeterThread: Thread started: 高并发订单用户组 1-389
2025-06-21 16:25:56,646 INFO o.a.j.t.JMeterThread: Thread is done: 高并发订单用户组 1-389
2025-06-21 16:25:56,646 INFO o.a.j.t.JMeterThread: Thread finished: 高并发订单用户组 1-389
2025-06-21 16:25:56,675 INFO o.a.j.t.JMeterThread: Thread started: 高并发订单用户组 1-390
2025-06-21 16:25:56,709 INFO o.a.j.t.JMeterThread: Thread is done: 高并发订单用户组 1-390
2025-06-21 16:25:56,709 INFO o.a.j.t.JMeterThread: Thread finished: 高并发订单用户组 1-390
2025-06-21 16:25:56,732 INFO o.a.j.t.JMeterThread: Thread started: 高并发订单用户组 1-391
2025-06-21 16:25:56,756 INFO o.a.j.t.JMeterThread: Thread is done: 高并发订单用户组 1-391
2025-06-21 16:25:56,756 INFO o.a.j.t.JMeterThread: Thread finished: 高并发订单用户组 1-391
2025-06-21 16:25:56,792 INFO o.a.j.t.JMeterThread: Thread started: 高并发订单用户组 1-392
2025-06-21 16:25:56,818 INFO o.a.j.t.JMeterThread: Thread is done: 高并发订单用户组 1-392
2025-06-21 16:25:56,818 INFO o.a.j.t.JMeterThread: Thread finished: 高并发订单用户组 1-392
2025-06-21 16:25:56,856 INFO o.a.j.t.JMeterThread: Thread started: 高并发订单用户组 1-393
2025-06-21 16:25:56,893 INFO o.a.j.t.JMeterThread: Thread is done: 高并发订单用户组 1-393
2025-06-21 16:25:56,893 INFO o.a.j.t.JMeterThread: Thread finished: 高并发订单用户组 1-393
2025-06-21 16:25:56,915 INFO o.a.j.t.JMeterThread: Thread started: 高并发订单用户组 1-394
2025-06-21 16:25:56,949 INFO o.a.j.t.JMeterThread: Thread is done: 高并发订单用户组 1-394
2025-06-21 16:25:56,949 INFO o.a.j.t.JMeterThread: Thread finished: 高并发订单用户组 1-394
2025-06-21 16:25:56,972 INFO o.a.j.t.JMeterThread: Thread started: 高并发订单用户组 1-395
2025-06-21 16:25:57,001 INFO o.a.j.t.JMeterThread: Thread is done: 高并发订单用户组 1-395
2025-06-21 16:25:57,001 INFO o.a.j.t.JMeterThread: Thread finished: 高并发订单用户组 1-395
2025-06-21 16:25:57,035 INFO o.a.j.t.JMeterThread: Thread started: 高并发订单用户组 1-396
2025-06-21 16:25:57,066 INFO o.a.j.t.JMeterThread: Thread is done: 高并发订单用户组 1-396
2025-06-21 16:25:57,066 INFO o.a.j.t.JMeterThread: Thread finished: 高并发订单用户组 1-396
2025-06-21 16:25:57,091 INFO o.a.j.t.JMeterThread: Thread started: 高并发订单用户组 1-397
2025-06-21 16:25:57,120 INFO o.a.j.t.JMeterThread: Thread is done: 高并发订单用户组 1-397
2025-06-21 16:25:57,120 INFO o.a.j.t.JMeterThread: Thread finished: 高并发订单用户组 1-397
2025-06-21 16:25:57,154 INFO o.a.j.t.JMeterThread: Thread started: 高并发订单用户组 1-398
2025-06-21 16:25:57,194 INFO o.a.j.t.JMeterThread: Thread is done: 高并发订单用户组 1-398
2025-06-21 16:25:57,194 INFO o.a.j.t.JMeterThread: Thread finished: 高并发订单用户组 1-398
2025-06-21 16:25:57,215 INFO o.a.j.t.JMeterThread: Thread started: 高并发订单用户组 1-399
2025-06-21 16:25:57,252 INFO o.a.j.t.JMeterThread: Thread is done: 高并发订单用户组 1-399
2025-06-21 16:25:57,252 INFO o.a.j.t.JMeterThread: Thread finished: 高并发订单用户组 1-399
2025-06-21 16:25:57,273 INFO o.a.j.t.JMeterThread: Thread started: 高并发订单用户组 1-400
2025-06-21 16:25:57,298 INFO o.a.j.t.JMeterThread: Thread is done: 高并发订单用户组 1-400
2025-06-21 16:25:57,298 INFO o.a.j.t.JMeterThread: Thread finished: 高并发订单用户组 1-400
2025-06-21 16:25:57,331 INFO o.a.j.t.JMeterThread: Thread started: 高并发订单用户组 1-401
2025-06-21 16:25:57,365 INFO o.a.j.t.JMeterThread: Thread is done: 高并发订单用户组 1-401
2025-06-21 16:25:57,365 INFO o.a.j.t.JMeterThread: Thread finished: 高并发订单用户组 1-401
2025-06-21 16:25:57,395 INFO o.a.j.t.JMeterThread: Thread started: 高并发订单用户组 1-402
2025-06-21 16:25:57,452 INFO o.a.j.t.JMeterThread: Thread started: 高并发订单用户组 1-403
2025-06-21 16:25:57,467 INFO o.a.j.t.JMeterThread: Thread is done: 高并发订单用户组 1-403
2025-06-21 16:25:57,467 INFO o.a.j.t.JMeterThread: Thread finished: 高并发订单用户组 1-403
2025-06-21 16:25:57,515 INFO o.a.j.t.JMeterThread: Thread started: 高并发订单用户组 1-404
2025-06-21 16:25:57,524 INFO o.a.j.t.JMeterThread: Thread is done: 高并发订单用户组 1-404
2025-06-21 16:25:57,524 INFO o.a.j.t.JMeterThread: Thread finished: 高并发订单用户组 1-404
2025-06-21 16:25:57,573 INFO o.a.j.t.JMeterThread: Thread started: 高并发订单用户组 1-405
2025-06-21 16:25:57,584 INFO o.a.j.t.JMeterThread: Thread is done: 高并发订单用户组 1-405
2025-06-21 16:25:57,584 INFO o.a.j.t.JMeterThread: Thread finished: 高并发订单用户组 1-405
2025-06-21 16:25:57,635 INFO o.a.j.t.JMeterThread: Thread started: 高并发订单用户组 1-406
2025-06-21 16:25:57,650 INFO o.a.j.t.JMeterThread: Thread is done: 高并发订单用户组 1-406
2025-06-21 16:25:57,650 INFO o.a.j.t.JMeterThread: Thread finished: 高并发订单用户组 1-406
2025-06-21 16:25:57,694 INFO o.a.j.t.JMeterThread: Thread started: 高并发订单用户组 1-407
2025-06-21 16:25:57,713 INFO o.a.j.t.JMeterThread: Thread is done: 高并发订单用户组 1-407
2025-06-21 16:25:57,713 INFO o.a.j.t.JMeterThread: Thread finished: 高并发订单用户组 1-407
2025-06-21 16:25:57,751 INFO o.a.j.t.JMeterThread: Thread started: 高并发订单用户组 1-408
2025-06-21 16:25:57,764 INFO o.a.j.t.JMeterThread: Thread is done: 高并发订单用户组 1-408
2025-06-21 16:25:57,764 INFO o.a.j.t.JMeterThread: Thread finished: 高并发订单用户组 1-408
2025-06-21 16:25:57,815 INFO o.a.j.t.JMeterThread: Thread started: 高并发订单用户组 1-409
2025-06-21 16:25:57,827 INFO o.a.j.t.JMeterThread: Thread is done: 高并发订单用户组 1-409
2025-06-21 16:25:57,827 INFO o.a.j.t.JMeterThread: Thread finished: 高并发订单用户组 1-409
2025-06-21 16:25:57,872 INFO o.a.j.t.JMeterThread: Thread started: 高并发订单用户组 1-410
2025-06-21 16:25:57,883 INFO o.a.j.t.JMeterThread: Thread is done: 高并发订单用户组 1-410
2025-06-21 16:25:57,883 INFO o.a.j.t.JMeterThread: Thread finished: 高并发订单用户组 1-410
2025-06-21 16:25:57,935 INFO o.a.j.t.JMeterThread: Thread started: 高并发订单用户组 1-411
2025-06-21 16:25:57,947 INFO o.a.j.t.JMeterThread: Thread is done: 高并发订单用户组 1-411
2025-06-21 16:25:57,947 INFO o.a.j.t.JMeterThread: Thread finished: 高并发订单用户组 1-411
2025-06-21 16:25:57,995 INFO o.a.j.t.JMeterThread: Thread started: 高并发订单用户组 1-412
2025-06-21 16:25:58,006 INFO o.a.j.t.JMeterThread: Thread is done: 高并发订单用户组 1-412
2025-06-21 16:25:58,006 INFO o.a.j.t.JMeterThread: Thread finished: 高并发订单用户组 1-412
2025-06-21 16:25:58,053 INFO o.a.j.t.JMeterThread: Thread started: 高并发订单用户组 1-413
2025-06-21 16:25:58,067 INFO o.a.j.t.JMeterThread: Thread is done: 高并发订单用户组 1-413
2025-06-21 16:25:58,067 INFO o.a.j.t.JMeterThread: Thread finished: 高并发订单用户组 1-413
2025-06-21 16:25:58,111 INFO o.a.j.t.JMeterThread: Thread started: 高并发订单用户组 1-414
2025-06-21 16:25:58,124 INFO o.a.j.t.JMeterThread: Thread is done: 高并发订单用户组 1-414
2025-06-21 16:25:58,124 INFO o.a.j.t.JMeterThread: Thread finished: 高并发订单用户组 1-414
2025-06-21 16:25:58,173 INFO o.a.j.t.JMeterThread: Thread started: 高并发订单用户组 1-415
2025-06-21 16:25:58,183 INFO o.a.j.t.JMeterThread: Thread is done: 高并发订单用户组 1-415
2025-06-21 16:25:58,184 INFO o.a.j.t.JMeterThread: Thread finished: 高并发订单用户组 1-415
2025-06-21 16:25:58,235 INFO o.a.j.t.JMeterThread: Thread started: 高并发订单用户组 1-416
2025-06-21 16:25:58,263 INFO o.a.j.t.JMeterThread: Thread is done: 高并发订单用户组 1-416
2025-06-21 16:25:58,263 INFO o.a.j.t.JMeterThread: Thread finished: 高并发订单用户组 1-416
2025-06-21 16:25:58,295 INFO o.a.j.t.JMeterThread: Thread started: 高并发订单用户组 1-417
2025-06-21 16:25:58,312 INFO o.a.j.t.JMeterThread: Thread is done: 高并发订单用户组 1-417
2025-06-21 16:25:58,312 INFO o.a.j.t.JMeterThread: Thread finished: 高并发订单用户组 1-417
2025-06-21 16:25:58,354 INFO o.a.j.t.JMeterThread: Thread started: 高并发订单用户组 1-418
2025-06-21 16:25:58,368 INFO o.a.j.t.JMeterThread: Thread is done: 高并发订单用户组 1-418
2025-06-21 16:25:58,368 INFO o.a.j.t.JMeterThread: Thread finished: 高并发订单用户组 1-418
2025-06-21 16:25:58,412 INFO o.a.j.t.JMeterThread: Thread started: 高并发订单用户组 1-419
2025-06-21 16:25:58,427 INFO o.a.j.t.JMeterThread: Thread is done: 高并发订单用户组 1-419
2025-06-21 16:25:58,427 INFO o.a.j.t.JMeterThread: Thread finished: 高并发订单用户组 1-419
2025-06-21 16:25:58,475 INFO o.a.j.t.JMeterThread: Thread started: 高并发订单用户组 1-420
2025-06-21 16:25:58,487 INFO o.a.j.t.JMeterThread: Thread is done: 高并发订单用户组 1-420
2025-06-21 16:25:58,487 INFO o.a.j.t.JMeterThread: Thread finished: 高并发订单用户组 1-420
2025-06-21 16:25:58,535 INFO o.a.j.t.JMeterThread: Thread started: 高并发订单用户组 1-421
2025-06-21 16:25:58,550 INFO o.a.j.t.JMeterThread: Thread is done: 高并发订单用户组 1-421
2025-06-21 16:25:58,550 INFO o.a.j.t.JMeterThread: Thread finished: 高并发订单用户组 1-421
2025-06-21 16:25:58,595 INFO o.a.j.t.JMeterThread: Thread started: 高并发订单用户组 1-422
2025-06-21 16:25:58,609 INFO o.a.j.t.JMeterThread: Thread is done: 高并发订单用户组 1-422
2025-06-21 16:25:58,609 INFO o.a.j.t.JMeterThread: Thread finished: 高并发订单用户组 1-422
2025-06-21 16:25:58,652 INFO o.a.j.t.JMeterThread: Thread started: 高并发订单用户组 1-423
2025-06-21 16:25:58,664 INFO o.a.j.t.JMeterThread: Thread is done: 高并发订单用户组 1-423
2025-06-21 16:25:58,664 INFO o.a.j.t.JMeterThread: Thread finished: 高并发订单用户组 1-423
2025-06-21 16:25:58,713 INFO o.a.j.t.JMeterThread: Thread started: 高并发订单用户组 1-424
2025-06-21 16:25:58,727 INFO o.a.j.t.JMeterThread: Thread is done: 高并发订单用户组 1-424
2025-06-21 16:25:58,727 INFO o.a.j.t.JMeterThread: Thread finished: 高并发订单用户组 1-424
2025-06-21 16:25:58,774 INFO o.a.j.t.JMeterThread: Thread started: 高并发订单用户组 1-425
2025-06-21 16:25:58,787 INFO o.a.j.t.JMeterThread: Thread is done: 高并发订单用户组 1-425
2025-06-21 16:25:58,787 INFO o.a.j.t.JMeterThread: Thread finished: 高并发订单用户组 1-425
2025-06-21 16:25:58,833 INFO o.a.j.t.JMeterThread: Thread started: 高并发订单用户组 1-426
2025-06-21 16:25:58,846 INFO o.a.j.t.JMeterThread: Thread is done: 高并发订单用户组 1-426
2025-06-21 16:25:58,846 INFO o.a.j.t.JMeterThread: Thread finished: 高并发订单用户组 1-426
2025-06-21 16:25:58,891 INFO o.a.j.t.JMeterThread: Thread started: 高并发订单用户组 1-427
2025-06-21 16:25:58,906 INFO o.a.j.t.JMeterThread: Thread is done: 高并发订单用户组 1-427
2025-06-21 16:25:58,906 INFO o.a.j.t.JMeterThread: Thread finished: 高并发订单用户组 1-427
2025-06-21 16:25:58,952 INFO o.a.j.t.JMeterThread: Thread started: 高并发订单用户组 1-428
2025-06-21 16:25:58,966 INFO o.a.j.t.JMeterThread: Thread is done: 高并发订单用户组 1-428
2025-06-21 16:25:58,966 INFO o.a.j.t.JMeterThread: Thread finished: 高并发订单用户组 1-428
2025-06-21 16:25:59,014 INFO o.a.j.t.JMeterThread: Thread started: 高并发订单用户组 1-429
2025-06-21 16:25:59,028 INFO o.a.j.t.JMeterThread: Thread is done: 高并发订单用户组 1-429
2025-06-21 16:25:59,028 INFO o.a.j.t.JMeterThread: Thread finished: 高并发订单用户组 1-429
2025-06-21 16:25:59,075 INFO o.a.j.t.JMeterThread: Thread started: 高并发订单用户组 1-430
2025-06-21 16:25:59,089 INFO o.a.j.t.JMeterThread: Thread is done: 高并发订单用户组 1-430
2025-06-21 16:25:59,089 INFO o.a.j.t.JMeterThread: Thread finished: 高并发订单用户组 1-430
2025-06-21 16:25:59,135 INFO o.a.j.t.JMeterThread: Thread started: 高并发订单用户组 1-431
2025-06-21 16:25:59,146 INFO o.a.j.t.JMeterThread: Thread is done: 高并发订单用户组 1-431
2025-06-21 16:25:59,146 INFO o.a.j.t.JMeterThread: Thread finished: 高并发订单用户组 1-431
2025-06-21 16:25:59,195 INFO o.a.j.t.JMeterThread: Thread started: 高并发订单用户组 1-432
2025-06-21 16:25:59,206 INFO o.a.j.t.JMeterThread: Thread is done: 高并发订单用户组 1-432
2025-06-21 16:25:59,206 INFO o.a.j.t.JMeterThread: Thread finished: 高并发订单用户组 1-432
2025-06-21 16:25:59,256 INFO o.a.j.t.JMeterThread: Thread started: 高并发订单用户组 1-433
2025-06-21 16:25:59,315 INFO o.a.j.t.JMeterThread: Thread started: 高并发订单用户组 1-434
2025-06-21 16:25:59,328 INFO o.a.j.t.JMeterThread: Thread is done: 高并发订单用户组 1-434
2025-06-21 16:25:59,328 INFO o.a.j.t.JMeterThread: Thread finished: 高并发订单用户组 1-434
2025-06-21 16:25:59,375 INFO o.a.j.t.JMeterThread: Thread started: 高并发订单用户组 1-435
2025-06-21 16:25:59,388 INFO o.a.j.t.JMeterThread: Thread is done: 高并发订单用户组 1-435
2025-06-21 16:25:59,388 INFO o.a.j.t.JMeterThread: Thread finished: 高并发订单用户组 1-435
2025-06-21 16:25:59,430 INFO o.a.j.t.JMeterThread: Thread started: 高并发订单用户组 1-436
2025-06-21 16:25:59,442 INFO o.a.j.t.JMeterThread: Thread is done: 高并发订单用户组 1-436
2025-06-21 16:25:59,442 INFO o.a.j.t.JMeterThread: Thread finished: 高并发订单用户组 1-436
2025-06-21 16:25:59,495 INFO o.a.j.t.JMeterThread: Thread started: 高并发订单用户组 1-437
2025-06-21 16:25:59,510 INFO o.a.j.t.JMeterThread: Thread is done: 高并发订单用户组 1-437
2025-06-21 16:25:59,510 INFO o.a.j.t.JMeterThread: Thread finished: 高并发订单用户组 1-437
2025-06-21 16:25:59,555 INFO o.a.j.t.JMeterThread: Thread started: 高并发订单用户组 1-438
2025-06-21 16:25:59,565 INFO o.a.j.t.JMeterThread: Thread is done: 高并发订单用户组 1-438
2025-06-21 16:25:59,565 INFO o.a.j.t.JMeterThread: Thread finished: 高并发订单用户组 1-438
2025-06-21 16:25:59,610 INFO o.a.j.t.JMeterThread: Thread started: 高并发订单用户组 1-439
2025-06-21 16:25:59,619 INFO o.a.j.t.JMeterThread: Thread is done: 高并发订单用户组 1-439
2025-06-21 16:25:59,619 INFO o.a.j.t.JMeterThread: Thread finished: 高并发订单用户组 1-439
2025-06-21 16:25:59,672 INFO o.a.j.t.JMeterThread: Thread started: 高并发订单用户组 1-440
2025-06-21 16:25:59,685 INFO o.a.j.t.JMeterThread: Thread is done: 高并发订单用户组 1-440
2025-06-21 16:25:59,685 INFO o.a.j.t.JMeterThread: Thread finished: 高并发订单用户组 1-440
2025-06-21 16:25:59,733 INFO o.a.j.t.JMeterThread: Thread started: 高并发订单用户组 1-441
2025-06-21 16:25:59,746 INFO o.a.j.t.JMeterThread: Thread is done: 高并发订单用户组 1-441
2025-06-21 16:25:59,746 INFO o.a.j.t.JMeterThread: Thread finished: 高并发订单用户组 1-441
2025-06-21 16:25:59,792 INFO o.a.j.t.JMeterThread: Thread started: 高并发订单用户组 1-442
2025-06-21 16:25:59,806 INFO o.a.j.t.JMeterThread: Thread is done: 高并发订单用户组 1-442
2025-06-21 16:25:59,806 INFO o.a.j.t.JMeterThread: Thread finished: 高并发订单用户组 1-442
2025-06-21 16:25:59,855 INFO o.a.j.t.JMeterThread: Thread started: 高并发订单用户组 1-443
2025-06-21 16:25:59,870 INFO o.a.j.t.JMeterThread: Thread is done: 高并发订单用户组 1-443
2025-06-21 16:25:59,870 INFO o.a.j.t.JMeterThread: Thread finished: 高并发订单用户组 1-443
2025-06-21 16:25:59,915 INFO o.a.j.t.JMeterThread: Thread started: 高并发订单用户组 1-444
2025-06-21 16:25:59,932 INFO o.a.j.t.JMeterThread: Thread is done: 高并发订单用户组 1-444
2025-06-21 16:25:59,932 INFO o.a.j.t.JMeterThread: Thread finished: 高并发订单用户组 1-444
2025-06-21 16:25:59,975 INFO o.a.j.t.JMeterThread: Thread started: 高并发订单用户组 1-445
2025-06-21 16:25:59,990 INFO o.a.j.t.JMeterThread: Thread is done: 高并发订单用户组 1-445
2025-06-21 16:25:59,990 INFO o.a.j.t.JMeterThread: Thread finished: 高并发订单用户组 1-445
2025-06-21 16:26:00,032 INFO o.a.j.t.JMeterThread: Thread started: 高并发订单用户组 1-446
2025-06-21 16:26:00,034 INFO o.a.j.r.Summariser: summary +   8874 in 00:00:27 =  333.5/s Avg:     2 Min:     0 Max:  3947 Err:   835 (9.41%) Active: 3 Started: 446 Finished: 443
2025-06-21 16:26:00,034 INFO o.a.j.r.Summariser: summary =   8875 in 00:00:27 =  332.2/s Avg:     2 Min:     0 Max:  3947 Err:   835 (9.41%)
2025-06-21 16:26:00,047 INFO o.a.j.t.JMeterThread: Thread is done: 高并发订单用户组 1-446
2025-06-21 16:26:00,047 INFO o.a.j.t.JMeterThread: Thread finished: 高并发订单用户组 1-446
2025-06-21 16:26:00,090 INFO o.a.j.t.JMeterThread: Thread started: 高并发订单用户组 1-447
2025-06-21 16:26:00,103 INFO o.a.j.t.JMeterThread: Thread is done: 高并发订单用户组 1-447
2025-06-21 16:26:00,103 INFO o.a.j.t.JMeterThread: Thread finished: 高并发订单用户组 1-447
2025-06-21 16:26:00,153 INFO o.a.j.t.JMeterThread: Thread started: 高并发订单用户组 1-448
2025-06-21 16:26:00,172 INFO o.a.j.t.JMeterThread: Thread is done: 高并发订单用户组 1-448
2025-06-21 16:26:00,172 INFO o.a.j.t.JMeterThread: Thread finished: 高并发订单用户组 1-448
2025-06-21 16:26:00,216 INFO o.a.j.t.JMeterThread: Thread started: 高并发订单用户组 1-449
2025-06-21 16:26:00,230 INFO o.a.j.t.JMeterThread: Thread is done: 高并发订单用户组 1-449
2025-06-21 16:26:00,230 INFO o.a.j.t.JMeterThread: Thread finished: 高并发订单用户组 1-449
2025-06-21 16:26:00,272 INFO o.a.j.t.JMeterThread: Thread started: 高并发订单用户组 1-450
2025-06-21 16:26:00,284 INFO o.a.j.t.JMeterThread: Thread is done: 高并发订单用户组 1-450
2025-06-21 16:26:00,284 INFO o.a.j.t.JMeterThread: Thread finished: 高并发订单用户组 1-450
2025-06-21 16:26:00,331 INFO o.a.j.t.JMeterThread: Thread started: 高并发订单用户组 1-451
2025-06-21 16:26:00,343 INFO o.a.j.t.JMeterThread: Thread is done: 高并发订单用户组 1-451
2025-06-21 16:26:00,343 INFO o.a.j.t.JMeterThread: Thread finished: 高并发订单用户组 1-451
2025-06-21 16:26:00,395 INFO o.a.j.t.JMeterThread: Thread started: 高并发订单用户组 1-452
2025-06-21 16:26:00,408 INFO o.a.j.t.JMeterThread: Thread is done: 高并发订单用户组 1-452
2025-06-21 16:26:00,408 INFO o.a.j.t.JMeterThread: Thread finished: 高并发订单用户组 1-452
2025-06-21 16:26:00,455 INFO o.a.j.t.JMeterThread: Thread started: 高并发订单用户组 1-453
2025-06-21 16:26:00,468 INFO o.a.j.t.JMeterThread: Thread is done: 高并发订单用户组 1-453
2025-06-21 16:26:00,468 INFO o.a.j.t.JMeterThread: Thread finished: 高并发订单用户组 1-453
2025-06-21 16:26:00,513 INFO o.a.j.t.JMeterThread: Thread is done: 高并发订单用户组 1-402
2025-06-21 16:26:00,513 INFO o.a.j.t.JMeterThread: Thread finished: 高并发订单用户组 1-402
2025-06-21 16:26:00,515 INFO o.a.j.t.JMeterThread: Thread started: 高并发订单用户组 1-454
2025-06-21 16:26:00,526 INFO o.a.j.t.JMeterThread: Thread is done: 高并发订单用户组 1-454
2025-06-21 16:26:00,526 INFO o.a.j.t.JMeterThread: Thread finished: 高并发订单用户组 1-454
2025-06-21 16:26:00,573 INFO o.a.j.t.JMeterThread: Thread started: 高并发订单用户组 1-455
2025-06-21 16:26:00,585 INFO o.a.j.t.JMeterThread: Thread is done: 高并发订单用户组 1-455
2025-06-21 16:26:00,585 INFO o.a.j.t.JMeterThread: Thread finished: 高并发订单用户组 1-455
2025-06-21 16:26:00,632 INFO o.a.j.t.JMeterThread: Thread started: 高并发订单用户组 1-456
2025-06-21 16:26:00,642 INFO o.a.j.t.JMeterThread: Thread is done: 高并发订单用户组 1-456
2025-06-21 16:26:00,642 INFO o.a.j.t.JMeterThread: Thread finished: 高并发订单用户组 1-456
2025-06-21 16:26:00,695 INFO o.a.j.t.JMeterThread: Thread started: 高并发订单用户组 1-457
2025-06-21 16:26:00,707 INFO o.a.j.t.JMeterThread: Thread is done: 高并发订单用户组 1-457
2025-06-21 16:26:00,707 INFO o.a.j.t.JMeterThread: Thread finished: 高并发订单用户组 1-457
2025-06-21 16:26:00,755 INFO o.a.j.t.JMeterThread: Thread started: 高并发订单用户组 1-458
2025-06-21 16:26:00,764 INFO o.a.j.t.JMeterThread: Thread is done: 高并发订单用户组 1-458
2025-06-21 16:26:00,764 INFO o.a.j.t.JMeterThread: Thread finished: 高并发订单用户组 1-458
2025-06-21 16:26:00,810 INFO o.a.j.t.JMeterThread: Thread started: 高并发订单用户组 1-459
2025-06-21 16:26:00,820 INFO o.a.j.t.JMeterThread: Thread is done: 高并发订单用户组 1-459
2025-06-21 16:26:00,820 INFO o.a.j.t.JMeterThread: Thread finished: 高并发订单用户组 1-459
2025-06-21 16:26:00,873 INFO o.a.j.t.JMeterThread: Thread started: 高并发订单用户组 1-460
2025-06-21 16:26:00,884 INFO o.a.j.t.JMeterThread: Thread is done: 高并发订单用户组 1-460
2025-06-21 16:26:00,884 INFO o.a.j.t.JMeterThread: Thread finished: 高并发订单用户组 1-460
2025-06-21 16:26:00,931 INFO o.a.j.t.JMeterThread: Thread started: 高并发订单用户组 1-461
2025-06-21 16:26:00,944 INFO o.a.j.t.JMeterThread: Thread is done: 高并发订单用户组 1-461
2025-06-21 16:26:00,944 INFO o.a.j.t.JMeterThread: Thread finished: 高并发订单用户组 1-461
2025-06-21 16:26:00,990 INFO o.a.j.t.JMeterThread: Thread started: 高并发订单用户组 1-462
2025-06-21 16:26:01,004 INFO o.a.j.t.JMeterThread: Thread is done: 高并发订单用户组 1-462
2025-06-21 16:26:01,004 INFO o.a.j.t.JMeterThread: Thread finished: 高并发订单用户组 1-462
2025-06-21 16:26:01,055 INFO o.a.j.t.JMeterThread: Thread started: 高并发订单用户组 1-463
2025-06-21 16:26:01,066 INFO o.a.j.t.JMeterThread: Thread is done: 高并发订单用户组 1-463
2025-06-21 16:26:01,066 INFO o.a.j.t.JMeterThread: Thread finished: 高并发订单用户组 1-463
2025-06-21 16:26:01,115 INFO o.a.j.t.JMeterThread: Thread started: 高并发订单用户组 1-464
2025-06-21 16:26:01,125 INFO o.a.j.t.JMeterThread: Thread is done: 高并发订单用户组 1-464
2025-06-21 16:26:01,125 INFO o.a.j.t.JMeterThread: Thread finished: 高并发订单用户组 1-464
2025-06-21 16:26:01,173 INFO o.a.j.t.JMeterThread: Thread started: 高并发订单用户组 1-465
2025-06-21 16:26:01,184 INFO o.a.j.t.JMeterThread: Thread is done: 高并发订单用户组 1-465
2025-06-21 16:26:01,184 INFO o.a.j.t.JMeterThread: Thread finished: 高并发订单用户组 1-465
2025-06-21 16:26:01,235 INFO o.a.j.t.JMeterThread: Thread started: 高并发订单用户组 1-466
2025-06-21 16:26:01,248 INFO o.a.j.t.JMeterThread: Thread is done: 高并发订单用户组 1-466
2025-06-21 16:26:01,248 INFO o.a.j.t.JMeterThread: Thread finished: 高并发订单用户组 1-466
2025-06-21 16:26:01,295 INFO o.a.j.t.JMeterThread: Thread started: 高并发订单用户组 1-467
2025-06-21 16:26:01,307 INFO o.a.j.t.JMeterThread: Thread is done: 高并发订单用户组 1-467
2025-06-21 16:26:01,307 INFO o.a.j.t.JMeterThread: Thread finished: 高并发订单用户组 1-467
2025-06-21 16:26:01,352 INFO o.a.j.t.JMeterThread: Thread started: 高并发订单用户组 1-468
2025-06-21 16:26:01,366 INFO o.a.j.t.JMeterThread: Thread is done: 高并发订单用户组 1-468
2025-06-21 16:26:01,366 INFO o.a.j.t.JMeterThread: Thread finished: 高并发订单用户组 1-468
2025-06-21 16:26:01,414 INFO o.a.j.t.JMeterThread: Thread started: 高并发订单用户组 1-469
2025-06-21 16:26:01,428 INFO o.a.j.t.JMeterThread: Thread is done: 高并发订单用户组 1-469
2025-06-21 16:26:01,428 INFO o.a.j.t.JMeterThread: Thread finished: 高并发订单用户组 1-469
2025-06-21 16:26:01,475 INFO o.a.j.t.JMeterThread: Thread started: 高并发订单用户组 1-470
2025-06-21 16:26:01,488 INFO o.a.j.t.JMeterThread: Thread is done: 高并发订单用户组 1-470
2025-06-21 16:26:01,488 INFO o.a.j.t.JMeterThread: Thread finished: 高并发订单用户组 1-470
2025-06-21 16:26:01,535 INFO o.a.j.t.JMeterThread: Thread started: 高并发订单用户组 1-471
2025-06-21 16:26:01,549 INFO o.a.j.t.JMeterThread: Thread is done: 高并发订单用户组 1-471
2025-06-21 16:26:01,549 INFO o.a.j.t.JMeterThread: Thread finished: 高并发订单用户组 1-471
2025-06-21 16:26:01,593 INFO o.a.j.t.JMeterThread: Thread started: 高并发订单用户组 1-472
2025-06-21 16:26:01,606 INFO o.a.j.t.JMeterThread: Thread is done: 高并发订单用户组 1-472
2025-06-21 16:26:01,606 INFO o.a.j.t.JMeterThread: Thread finished: 高并发订单用户组 1-472
2025-06-21 16:26:01,650 INFO o.a.j.t.JMeterThread: Thread started: 高并发订单用户组 1-473
2025-06-21 16:26:01,665 INFO o.a.j.t.JMeterThread: Thread is done: 高并发订单用户组 1-473
2025-06-21 16:26:01,665 INFO o.a.j.t.JMeterThread: Thread finished: 高并发订单用户组 1-473
2025-06-21 16:26:01,711 INFO o.a.j.t.JMeterThread: Thread started: 高并发订单用户组 1-474
2025-06-21 16:26:01,725 INFO o.a.j.t.JMeterThread: Thread is done: 高并发订单用户组 1-474
2025-06-21 16:26:01,725 INFO o.a.j.t.JMeterThread: Thread finished: 高并发订单用户组 1-474
2025-06-21 16:26:01,770 INFO o.a.j.t.JMeterThread: Thread started: 高并发订单用户组 1-475
2025-06-21 16:26:01,784 INFO o.a.j.t.JMeterThread: Thread is done: 高并发订单用户组 1-475
2025-06-21 16:26:01,784 INFO o.a.j.t.JMeterThread: Thread finished: 高并发订单用户组 1-475
2025-06-21 16:26:01,835 INFO o.a.j.t.JMeterThread: Thread started: 高并发订单用户组 1-476
2025-06-21 16:26:01,847 INFO o.a.j.t.JMeterThread: Thread is done: 高并发订单用户组 1-476
2025-06-21 16:26:01,847 INFO o.a.j.t.JMeterThread: Thread finished: 高并发订单用户组 1-476
2025-06-21 16:26:01,895 INFO o.a.j.t.JMeterThread: Thread started: 高并发订单用户组 1-477
2025-06-21 16:26:01,906 INFO o.a.j.t.JMeterThread: Thread is done: 高并发订单用户组 1-477
2025-06-21 16:26:01,906 INFO o.a.j.t.JMeterThread: Thread finished: 高并发订单用户组 1-477
2025-06-21 16:26:01,955 INFO o.a.j.t.JMeterThread: Thread started: 高并发订单用户组 1-478
2025-06-21 16:26:01,966 INFO o.a.j.t.JMeterThread: Thread is done: 高并发订单用户组 1-478
2025-06-21 16:26:01,966 INFO o.a.j.t.JMeterThread: Thread finished: 高并发订单用户组 1-478
2025-06-21 16:26:02,012 INFO o.a.j.t.JMeterThread: Thread started: 高并发订单用户组 1-479
2025-06-21 16:26:02,026 INFO o.a.j.t.JMeterThread: Thread is done: 高并发订单用户组 1-479
2025-06-21 16:26:02,026 INFO o.a.j.t.JMeterThread: Thread finished: 高并发订单用户组 1-479
2025-06-21 16:26:02,071 INFO o.a.j.t.JMeterThread: Thread started: 高并发订单用户组 1-480
2025-06-21 16:26:02,084 INFO o.a.j.t.JMeterThread: Thread is done: 高并发订单用户组 1-480
2025-06-21 16:26:02,084 INFO o.a.j.t.JMeterThread: Thread finished: 高并发订单用户组 1-480
2025-06-21 16:26:02,132 INFO o.a.j.t.JMeterThread: Thread started: 高并发订单用户组 1-481
2025-06-21 16:26:02,145 INFO o.a.j.t.JMeterThread: Thread is done: 高并发订单用户组 1-481
2025-06-21 16:26:02,145 INFO o.a.j.t.JMeterThread: Thread finished: 高并发订单用户组 1-481
2025-06-21 16:26:02,195 INFO o.a.j.t.JMeterThread: Thread started: 高并发订单用户组 1-482
2025-06-21 16:26:02,211 INFO o.a.j.t.JMeterThread: Thread is done: 高并发订单用户组 1-482
2025-06-21 16:26:02,211 INFO o.a.j.t.JMeterThread: Thread finished: 高并发订单用户组 1-482
2025-06-21 16:26:02,251 INFO o.a.j.t.JMeterThread: Thread started: 高并发订单用户组 1-483
2025-06-21 16:26:02,263 INFO o.a.j.t.JMeterThread: Thread is done: 高并发订单用户组 1-483
2025-06-21 16:26:02,263 INFO o.a.j.t.JMeterThread: Thread finished: 高并发订单用户组 1-483
2025-06-21 16:26:02,315 INFO o.a.j.t.JMeterThread: Thread started: 高并发订单用户组 1-484
2025-06-21 16:26:02,370 INFO o.a.j.t.JMeterThread: Thread started: 高并发订单用户组 1-485
2025-06-21 16:26:02,382 INFO o.a.j.t.JMeterThread: Thread is done: 高并发订单用户组 1-485
2025-06-21 16:26:02,382 INFO o.a.j.t.JMeterThread: Thread finished: 高并发订单用户组 1-485
2025-06-21 16:26:02,435 INFO o.a.j.t.JMeterThread: Thread started: 高并发订单用户组 1-486
2025-06-21 16:26:02,453 INFO o.a.j.t.JMeterThread: Thread is done: 高并发订单用户组 1-486
2025-06-21 16:26:02,453 INFO o.a.j.t.JMeterThread: Thread finished: 高并发订单用户组 1-486
2025-06-21 16:26:02,493 INFO o.a.j.t.JMeterThread: Thread started: 高并发订单用户组 1-487
2025-06-21 16:26:02,513 INFO o.a.j.t.JMeterThread: Thread is done: 高并发订单用户组 1-487
2025-06-21 16:26:02,513 INFO o.a.j.t.JMeterThread: Thread finished: 高并发订单用户组 1-487
2025-06-21 16:26:02,526 INFO o.a.j.t.JMeterThread: Thread is done: 高并发订单用户组 1-433
2025-06-21 16:26:02,526 INFO o.a.j.t.JMeterThread: Thread finished: 高并发订单用户组 1-433
2025-06-21 16:26:02,555 INFO o.a.j.t.JMeterThread: Thread started: 高并发订单用户组 1-488
2025-06-21 16:26:02,568 INFO o.a.j.t.JMeterThread: Thread is done: 高并发订单用户组 1-488
2025-06-21 16:26:02,568 INFO o.a.j.t.JMeterThread: Thread finished: 高并发订单用户组 1-488
2025-06-21 16:26:02,615 INFO o.a.j.t.JMeterThread: Thread started: 高并发订单用户组 1-489
2025-06-21 16:26:02,623 INFO o.a.j.t.JMeterThread: Thread is done: 高并发订单用户组 1-489
2025-06-21 16:26:02,623 INFO o.a.j.t.JMeterThread: Thread finished: 高并发订单用户组 1-489
2025-06-21 16:26:02,673 INFO o.a.j.t.JMeterThread: Thread started: 高并发订单用户组 1-490
2025-06-21 16:26:02,681 INFO o.a.j.t.JMeterThread: Thread is done: 高并发订单用户组 1-490
2025-06-21 16:26:02,681 INFO o.a.j.t.JMeterThread: Thread finished: 高并发订单用户组 1-490
2025-06-21 16:26:02,733 INFO o.a.j.t.JMeterThread: Thread started: 高并发订单用户组 1-491
2025-06-21 16:26:02,742 INFO o.a.j.t.JMeterThread: Thread is done: 高并发订单用户组 1-491
2025-06-21 16:26:02,742 INFO o.a.j.t.JMeterThread: Thread finished: 高并发订单用户组 1-491
2025-06-21 16:26:02,795 INFO o.a.j.t.JMeterThread: Thread started: 高并发订单用户组 1-492
2025-06-21 16:26:02,806 INFO o.a.j.t.JMeterThread: Thread is done: 高并发订单用户组 1-492
2025-06-21 16:26:02,806 INFO o.a.j.t.JMeterThread: Thread finished: 高并发订单用户组 1-492
2025-06-21 16:26:02,856 INFO o.a.j.t.JMeterThread: Thread started: 高并发订单用户组 1-493
2025-06-21 16:26:02,868 INFO o.a.j.t.JMeterThread: Thread is done: 高并发订单用户组 1-493
2025-06-21 16:26:02,868 INFO o.a.j.t.JMeterThread: Thread finished: 高并发订单用户组 1-493
2025-06-21 16:26:02,916 INFO o.a.j.t.JMeterThread: Thread started: 高并发订单用户组 1-494
2025-06-21 16:26:02,930 INFO o.a.j.t.JMeterThread: Thread is done: 高并发订单用户组 1-494
2025-06-21 16:26:02,930 INFO o.a.j.t.JMeterThread: Thread finished: 高并发订单用户组 1-494
2025-06-21 16:26:02,973 INFO o.a.j.t.JMeterThread: Thread started: 高并发订单用户组 1-495
2025-06-21 16:26:02,991 INFO o.a.j.t.JMeterThread: Thread is done: 高并发订单用户组 1-495
2025-06-21 16:26:02,991 INFO o.a.j.t.JMeterThread: Thread finished: 高并发订单用户组 1-495
2025-06-21 16:26:03,035 INFO o.a.j.t.JMeterThread: Thread started: 高并发订单用户组 1-496
2025-06-21 16:26:03,053 INFO o.a.j.t.JMeterThread: Thread is done: 高并发订单用户组 1-496
2025-06-21 16:26:03,053 INFO o.a.j.t.JMeterThread: Thread finished: 高并发订单用户组 1-496
2025-06-21 16:26:03,095 INFO o.a.j.t.JMeterThread: Thread started: 高并发订单用户组 1-497
2025-06-21 16:26:03,112 INFO o.a.j.t.JMeterThread: Thread is done: 高并发订单用户组 1-497
2025-06-21 16:26:03,112 INFO o.a.j.t.JMeterThread: Thread finished: 高并发订单用户组 1-497
2025-06-21 16:26:03,155 INFO o.a.j.t.JMeterThread: Thread started: 高并发订单用户组 1-498
2025-06-21 16:26:03,172 INFO o.a.j.t.JMeterThread: Thread is done: 高并发订单用户组 1-498
2025-06-21 16:26:03,173 INFO o.a.j.t.JMeterThread: Thread finished: 高并发订单用户组 1-498
2025-06-21 16:26:03,215 INFO o.a.j.t.JMeterThread: Thread started: 高并发订单用户组 1-499
2025-06-21 16:26:03,232 INFO o.a.j.t.JMeterThread: Thread is done: 高并发订单用户组 1-499
2025-06-21 16:26:03,232 INFO o.a.j.t.JMeterThread: Thread finished: 高并发订单用户组 1-499
2025-06-21 16:26:03,273 INFO o.a.j.t.JMeterThread: Thread started: 高并发订单用户组 1-500
2025-06-21 16:26:03,290 INFO o.a.j.t.JMeterThread: Thread is done: 高并发订单用户组 1-500
2025-06-21 16:26:03,290 INFO o.a.j.t.JMeterThread: Thread finished: 高并发订单用户组 1-500
2025-06-21 16:26:04,410 INFO o.a.j.t.JMeterThread: Thread is done: 高并发订单用户组 1-484
2025-06-21 16:26:04,411 INFO o.a.j.t.JMeterThread: Thread finished: 高并发订单用户组 1-484
2025-06-21 16:26:04,411 INFO o.a.j.e.StandardJMeterEngine: Notifying test listeners of end of test
2025-06-21 16:26:04,412 INFO o.a.j.r.Summariser: summary +   1125 in 00:00:04 =  256.9/s Avg:     8 Min:     0 Max:  3258 Err:  1105 (98.22%) Active: 0 Started: 500 Finished: 500
2025-06-21 16:26:04,412 INFO o.a.j.r.Summariser: summary =  10000 in 00:00:31 =  321.6/s Avg:     2 Min:     0 Max:  3947 Err:  1940 (19.40%)
2025-06-21 16:26:04,413 INFO o.a.j.JMeter: Generating Dashboard
2025-06-21 16:26:04,413 INFO o.a.j.r.d.ReportGenerator: Flushing result collector before report Generation
2025-06-21 16:26:04,441 INFO o.a.j.r.p.NormalizerSampleConsumer: Using format, 'ms', to parse timeStamp field
2025-06-21 16:26:04,683 INFO o.a.j.r.p.AbstractSampleConsumer: class org.apache.jmeter.report.processor.AggregateConsumer#stopProducing(): beginDate produced 0 samples
2025-06-21 16:26:04,683 INFO o.a.j.r.p.AbstractSampleConsumer: class org.apache.jmeter.report.processor.AggregateConsumer#stopProducing(): endDate produced 0 samples
2025-06-21 16:26:04,684 INFO o.a.j.r.p.AbstractSampleConsumer: class org.apache.jmeter.report.processor.ApdexSummaryConsumer#stopProducing(): apdexSummary produced 0 samples
2025-06-21 16:26:04,684 INFO o.a.j.r.p.AbstractSampleConsumer: class org.apache.jmeter.report.processor.RequestsSummaryConsumer#stopProducing(): requestsSummary produced 0 samples
2025-06-21 16:26:04,689 INFO o.a.j.r.p.AbstractSampleConsumer: class org.apache.jmeter.report.processor.StatisticsSummaryConsumer#stopProducing(): statisticsSummary produced 0 samples
2025-06-21 16:26:04,691 INFO o.a.j.r.p.AbstractSampleConsumer: class org.apache.jmeter.report.processor.Top5ErrorsBySamplerConsumer#stopProducing(): top5ErrorsBySampler produced 0 samples
2025-06-21 16:26:04,691 INFO o.a.j.r.p.AbstractSampleConsumer: class org.apache.jmeter.report.processor.ErrorsSummaryConsumer#stopProducing(): errorsSummary produced 0 samples
2025-06-21 16:26:04,691 INFO o.a.j.r.p.AbstractSampleConsumer: class org.apache.jmeter.report.processor.graph.impl.HitsPerSecondGraphConsumer#stopProducing(): hitsPerSecond produced 0 samples
2025-06-21 16:26:04,743 INFO o.a.j.r.p.AbstractSampleConsumer: class org.apache.jmeter.report.processor.graph.impl.LatencyVSRequestGraphConsumer#stopProducing(): latencyVsRequest produced 0 samples
2025-06-21 16:26:04,744 INFO o.a.j.r.p.AbstractSampleConsumer: class org.apache.jmeter.report.processor.graph.impl.SyntheticResponseTimeDistributionGraphConsumer#stopProducing(): syntheticResponseTimeDistribution produced 0 samples
2025-06-21 16:26:04,744 INFO o.a.j.r.p.AbstractSampleConsumer: class org.apache.jmeter.report.processor.graph.impl.BytesThroughputGraphConsumer#stopProducing(): bytesThroughputOverTime produced 0 samples
2025-06-21 16:26:04,744 INFO o.a.j.r.p.AbstractSampleConsumer: class org.apache.jmeter.report.processor.graph.impl.CodesPerSecondGraphConsumer#stopProducing(): codesPerSecond produced 0 samples
2025-06-21 16:26:04,784 INFO o.a.j.r.p.AbstractSampleConsumer: class org.apache.jmeter.report.processor.graph.impl.ResponseTimeVSRequestGraphConsumer#stopProducing(): responseTimeVsRequest produced 0 samples
2025-06-21 16:26:04,785 INFO o.a.j.r.p.AbstractSampleConsumer: class org.apache.jmeter.report.processor.FilterConsumer#stopProducing(): startIntervalControlerFilter produced 70000 samples
2025-06-21 16:26:04,785 INFO o.a.j.r.p.AbstractSampleConsumer: class org.apache.jmeter.report.processor.graph.impl.TotalTPSGraphConsumer#stopProducing(): totalTPS produced 0 samples
2025-06-21 16:26:04,785 INFO o.a.j.r.p.AbstractSampleConsumer: class org.apache.jmeter.report.processor.graph.impl.ActiveThreadsGraphConsumer#stopProducing(): activeThreadsOverTime produced 0 samples
2025-06-21 16:26:04,785 INFO o.a.j.r.p.AbstractSampleConsumer: class org.apache.jmeter.report.processor.graph.impl.TimeVSThreadGraphConsumer#stopProducing(): timeVsThreads produced 0 samples
2025-06-21 16:26:04,785 INFO o.a.j.r.p.AbstractSampleConsumer: class org.apache.jmeter.report.processor.graph.impl.ResponseTimeDistributionGraphConsumer#stopProducing(): responseTimeDistribution produced 0 samples
2025-06-21 16:26:04,785 INFO o.a.j.r.p.AbstractSampleConsumer: class org.apache.jmeter.report.processor.graph.impl.TransactionsPerSecondGraphConsumer#stopProducing(): transactionsPerSecond produced 0 samples
2025-06-21 16:26:04,785 INFO o.a.j.r.p.AbstractSampleConsumer: class org.apache.jmeter.report.processor.graph.impl.ResponseTimePercentilesGraphConsumer#stopProducing(): responseTimePercentiles produced 0 samples
2025-06-21 16:26:04,786 INFO o.a.j.r.p.AbstractSampleConsumer: class org.apache.jmeter.report.processor.graph.impl.ResponseTimePercentilesOverTimeGraphConsumer#stopProducing(): responseTimePercentilesOverTime produced 0 samples
2025-06-21 16:26:04,786 INFO o.a.j.r.p.AbstractSampleConsumer: class org.apache.jmeter.report.processor.graph.impl.ResponseTimeOverTimeGraphConsumer#stopProducing(): responseTimesOverTime produced 0 samples
2025-06-21 16:26:04,786 INFO o.a.j.r.p.AbstractSampleConsumer: class org.apache.jmeter.report.processor.graph.impl.ConnectTimeOverTimeGraphConsumer#stopProducing(): connectTimeOverTime produced 0 samples
2025-06-21 16:26:04,786 INFO o.a.j.r.p.AbstractSampleConsumer: class org.apache.jmeter.report.processor.graph.impl.LatencyOverTimeGraphConsumer#stopProducing(): latenciesOverTime produced 0 samples
2025-06-21 16:26:04,786 INFO o.a.j.r.p.AbstractSampleConsumer: class org.apache.jmeter.report.processor.FilterConsumer#stopProducing(): nameFilter produced 150000 samples
2025-06-21 16:26:04,786 INFO o.a.j.r.p.AbstractSampleConsumer: class org.apache.jmeter.report.processor.FilterConsumer#stopProducing(): dateRangeFilter produced 30000 samples
2025-06-21 16:26:04,786 INFO o.a.j.r.p.AbstractSampleConsumer: class org.apache.jmeter.report.processor.NormalizerSampleConsumer#stopProducing(): normalizer produced 10000 samples
2025-06-21 16:26:04,786 INFO o.a.j.r.p.CsvFileSampleSource: produce(): 10000 samples produced in 321ms on channel 0
2025-06-21 16:26:04,786 INFO o.a.j.r.d.ReportGenerator: Exporting data using exporter:'json' of className:'org.apache.jmeter.report.dashboard.JsonExporter'
2025-06-21 16:26:04,822 INFO o.a.j.r.d.JsonExporter: Found data for consumer statisticsSummary in context
2025-06-21 16:26:04,822 INFO o.a.j.r.d.JsonExporter: Creating statistics for overall
2025-06-21 16:26:04,823 INFO o.a.j.r.d.JsonExporter: Creating statistics for other transactions
2025-06-21 16:26:04,823 INFO o.a.j.r.d.JsonExporter: Checking output folder
2025-06-21 16:26:04,823 INFO o.a.j.r.d.JsonExporter: Writing statistics JSON to /Users/hukai/Desktop/demo-hu/jmeter/./report/statistics.json
2025-06-21 16:26:04,841 INFO o.a.j.r.d.ReportGenerator: Exporting data using exporter:'html' of className:'org.apache.jmeter.report.dashboard.HtmlTemplateExporter'
2025-06-21 16:26:04,842 INFO o.a.j.r.d.HtmlTemplateExporter: Will generate dashboard in folder: /Users/hukai/Desktop/demo-hu/jmeter/./report
2025-06-21 16:26:04,883 INFO o.a.j.r.d.HtmlTemplateExporter: Report will be generated in: /Users/hukai/Desktop/demo-hu/jmeter/./report, creating folder structure
2025-06-21 16:26:04,885 INFO o.a.j.r.d.TemplateVisitor: Copying folder from '/opt/homebrew/Cellar/jmeter/5.6.3/libexec/bin/report-template' to '/Users/hukai/Desktop/demo-hu/jmeter/./report', got message: /Users/hukai/Desktop/demo-hu/jmeter/./report, found non empty folder with following content [/Users/hukai/Desktop/demo-hu/jmeter/./report/statistics.json], will be ignored
2025-06-21 16:26:05,093 INFO o.a.j.JMeter: Dashboard generated
